country,alpha_2_code,alpha_3_code,numeric_code,iso3c,year,"Population, total",GDP per capita (constant 2015 US$),GNI (current US$),"Inflation, consumer prices (annual %)","Life expectancy at birth, total (years)",Military expenditure (% of GDP)
Afghanistan,AF,AFG,4,AFG,2000,19542982,,,,55.298,
Afghanistan,AF,AFG,4,AFG,2005,24411191,379.9558293,,12.68626872,58.361,1.992065699
Afghanistan,AF,AFG,4,AFG,2010,28189672,569.282712,15661395679,2.178537524,60.851,1.945835694
Afghanistan,AF,AFG,4,AFG,2015,33753499,592.4765375,20178945326,-0.661709165,62.659,0.994575823
Afghanistan,AF,AFG,4,AFG,2017,35643418,588.9304508,19145017023,4.975951506,63.016,0.9452268
Afghanistan,AF,AFG,4,AFG,2019,37769499,584.3868829,19205014965,2.302372515,63.565,1.118230603
Albania,AL,ALB,8,ALB,2000,3089027,1960.881946,3585007222,0.050018136,75.404,1.246360242
Albania,AL,ALB,8,ALB,2005,3011487,2675.507936,8214104794,2.366581957,76.621,1.350004971
Albania,AL,ALB,8,ALB,2010,2913021,3577.113388,11807765688,3.626046956,77.936,1.558591893
Albania,AL,ALB,8,ALB,2015,2880703,3952.802538,11521808375,3.501208355,78.644,1.162303864
Albania,AL,ALB,8,ALB,2017,2873457,4249.803734,13051480688,2.060598459,79.047,1.108696386
Albania,AL,ALB,8,ALB,2019,2854191,4543.38652,15200249154,1.41109079,79.282,1.299676337
Algeria,DZ,DZA,12,DZA,2000,30774621,3138.231048,52080372257,0.339163189,70.478,3.433385635
Algeria,DZ,DZA,12,DZA,2005,32956690,3774.072491,98106140730,1.382446567,72.061,2.83417835
Algeria,DZ,DZA,12,DZA,2010,35856344,3931.721348,1.61E+11,3.911061955,73.808,3.518012609
Algeria,DZ,DZA,12,DZA,2015,39543154,4197.421361,1.62E+11,4.784447007,75.622,6.270242856
Algeria,DZ,DZA,12,DZA,2017,41136546,4218.083701,1.68E+11,5.59111591,75.743,5.924383327
Algeria,DZ,DZA,12,DZA,2019,42705368,4153.004816,1.68E+11,1.951768211,76.474,6.021045994
Angola,AO,AGO,24,AGO,2000,16394062,1832.514102,7448734815,324.9968716,46.024,6.392603154
Angola,AO,AGO,24,AGO,2005,19450959,2404.631169,32940067470,22.95351385,51.57,3.692240947
Angola,AO,AGO,24,AGO,2010,23364185,2993.420974,73815311614,14.46965649,56.726,4.177584566
Angola,AO,AGO,24,AGO,2015,28127721,3100.830685,82784875171,9.353839725,60.655,3.105426293
Angola,AO,AGO,24,AGO,2017,30208628,2808.521753,64733551804,29.84257779,61.68,2.507985456
Angola,AO,AGO,24,AGO,2019,32353588,2569.691347,63042950936,17.07970441,62.448,1.643740283
Antigua and Barbuda,AG,ATG,28,ATG,2000,75055,14247.97301,781851481.5,0.771779797,74.606,
Antigua and Barbuda,AG,ATG,28,ATG,2005,79869,15423.80002,980922740.7,2.098751967,75.825,
Antigua and Barbuda,AG,ATG,28,ATG,2010,85695,14367.9515,1120979667,3.370025402,76.82,
Antigua and Barbuda,AG,ATG,28,ATG,2015,89941,14861.88271,1252478556,0.968993459,77.913,
Antigua and Barbuda,AG,ATG,28,ATG,2017,91119,15962.68012,1389228037,2.43248789,78.268,
Antigua and Barbuda,AG,ATG,28,ATG,2019,92117,17697.23115,1581477852,1.431355982,78.691,
Argentina,AR,ARG,32,ARG,2000,37070774,10672.72204,2.77E+11,,73.926,1.148822677
Argentina,AR,ARG,32,ARG,2005,39070501,11141.31067,1.76E+11,,75.139,0.847154784
Argentina,AR,ARG,32,ARG,2010,40788453,13551.33919,4.09E+11,,75.721,0.814878105
Argentina,AR,ARG,32,ARG,2015,43131966,13789.06042,5.84E+11,,76.76,0.850128583
Argentina,AR,ARG,32,ARG,2017,44044811,13595.03736,6.27E+11,,76.833,0.856137916
Argentina,AR,ARG,32,ARG,2019,44938712,12716.2242,4.30E+11,,77.284,0.706186671
Armenia,AM,ARM,51,ARM,2000,3168523,1249.612148,1970535936,-0.790883769,70.624,3.560024873
Armenia,AM,ARM,51,ARM,2005,3047246,2312.982895,5106476348,0.638928002,71.792,2.871931363
Armenia,AM,ARM,51,ARM,2010,2946293,2889.56627,9718566138,8.176361385,73.16,4.265646056
Armenia,AM,ARM,51,ARM,2015,2878595,3666.141876,10981745197,3.731691193,74.436,4.239225786
Armenia,AM,ARM,51,ARM,2017,2851923,3985.916757,11933013744,0.969553269,74.906,3.849730577
Armenia,AM,ARM,51,ARM,2019,2820602,4561.967866,13798995615,1.443446608,75.439,4.787705841
Australia,AU,AUS,36,AUS,2000,19028802,45893.81175,4.04E+11,4.457435148,79.23414634,1.829841913
Australia,AU,AUS,36,AUS,2005,20176844,50912.4669,6.70E+11,2.691831683,80.84146341,1.80249268
Australia,AU,AUS,36,AUS,2010,22031750,53607.98476,1.10E+12,2.918340027,81.69512195,1.856791362
Australia,AU,AUS,36,AUS,2015,23815995,56710.44572,1.32E+12,1.508366722,82.4,1.95091845
Australia,AU,AUS,36,AUS,2017,24594202,57703.03436,1.29E+12,1.948647409,82.5,1.999207998
Australia,AU,AUS,36,AUS,2019,25340217,58870.02169,1.35E+12,1.610767873,82.9,1.874025561
Austria,AT,AUT,40,AUT,2000,8011566,38842.89052,1.96E+11,2.344862854,78.12682927,0.98031858
Austria,AT,AUT,40,AUT,2005,8227829,41281.27076,3.15E+11,2.299137856,79.33170732,0.850142574
Austria,AT,AUT,40,AUT,2010,8363404,43334.50896,3.96E+11,1.81353439,80.5804878,0.821232712
Austria,AT,AUT,40,AUT,2015,8642699,44195.81759,3.78E+11,0.896563335,81.1902439,0.698138152
Austria,AT,AUT,40,AUT,2017,8797566,45281.7234,4.13E+11,2.081269114,81.64390244,0.757321291
Austria,AT,AUT,40,AUT,2019,8879920,46647.08096,4.43E+11,1.530895642,81.89512195,0.727513237
Azerbaijan,AZ,AZE,31,AZE,2000,8048600,1480.756662,5178252123,1.805003037,64.891,2.267862063
Azerbaijan,AZ,AZE,31,AZE,2005,8391850,2631.758981,11734927015,9.679507319,67.562,2.299069675
Azerbaijan,AZ,AZE,31,AZE,2010,9054332,5215.020915,49741091453,5.726872247,69.529,2.791004357
Azerbaijan,AZ,AZE,31,AZE,2015,9649341,5500.310382,51377317978,4.027685737,71.451,5.464876793
Azerbaijan,AZ,AZE,31,AZE,2017,9854033,5229.526141,39320590286,12.93591842,72.248,3.756301732
Azerbaijan,AZ,AZE,31,AZE,2019,10024283,5348.265267,46318529412,2.610571828,73.102,3.873411703
Bahamas,BS,BHS,44,BHS,2000,325014,32823.80576,7936270000,1.606329417,72.041,
Bahamas,BS,BHS,44,BHS,2005,347804,33295.93274,9654135300,1.591606181,72.765,
Bahamas,BS,BHS,44,BHS,2010,373272,30664.02592,9860860000,1.344027384,72.731,
Bahamas,BS,BHS,44,BHS,2015,392697,30206.24043,11459300000,1.861483029,73.104,
Bahamas,BS,BHS,44,BHS,2017,399020,30371.58098,11996900000,1.518207007,73.632,
Bahamas,BS,BHS,44,BHS,2019,404557,31082.8061,12589700000,2.491235274,71.205,
Bahrain,BH,BHR,48,BHR,2000,711442,21713.53805,8839275266,-0.704852953,75.496,3.961670969
Bahrain,BH,BHR,48,BHR,2005,901921,22027.33131,15556372074,2.586206897,76.931,3.214381095
Bahrain,BH,BHR,48,BHR,2010,1213645,21452.92152,23340257979,1.961884683,78.748,3.277755942
Bahrain,BH,BHR,48,BHR,2015,1362142,22795.44886,29314738298,1.848627424,79.405,4.632877365
Bahrain,BH,BHR,48,BHR,2017,1456834,23019.25574,33484122340,1.386718306,79.689,4.33877531
Bahrain,BH,BHR,48,BHR,2019,1494188,23414.21907,36391941489,1.005820047,80.019,4.055054417
Bangladesh,BD,BGD,50,BGD,2000,129193327,646.0381127,55101749155,2.208256209,65.779,1.357119181
Bangladesh,BD,BGD,50,BGD,2005,140912590,758.8903834,72520666667,7.046618162,67.299,1.09089437
Bangladesh,BD,BGD,50,BGD,2010,148391139,967.5616037,1.25E+11,8.126676392,68.638,1.320837396
Bangladesh,BD,BGD,50,BGD,2015,157830000,1236.00506,2.08E+11,6.19428023,70.491,1.350969947
Bangladesh,BD,BGD,50,BGD,2017,161793964,1376.604208,3.04E+11,5.702070157,71.788,1.240256126
Bangladesh,BD,BGD,50,BGD,2019,165516222,1557.965291,3.66E+11,5.591996399,72.806,1.348906693
Barbados,BB,BRB,52,BRB,2000,264657,16698.06105,2964350000,2.435813035,74.089,
Barbados,BB,BRB,52,BRB,2005,269477,17382.7728,3644500000,6.082187295,74.89,
Barbados,BB,BRB,52,BRB,2010,274711,17237.77116,4417978650,5.824218533,75.712,
Barbados,BB,BRB,52,BRB,2015,278083,16990.21947,4511748850,-1.112789925,76.65,
Barbados,BB,BRB,52,BRB,2017,279187,17430.87321,4757842100,4.66018464,76.936,
Barbados,BB,BRB,52,BRB,2019,280180,17168.14569,5057350000,4.100289645,77.257,
Belarus,BY,BLR,112,BLR,2000,9979610,2616.912993,12684212603,168.6202359,68.91219512,1.346984151
Belarus,BY,BLR,112,BLR,2005,9663915,3880.01437,30263035283,10.33887945,68.85121951,1.498453135
Belarus,BY,BLR,112,BLR,2010,9483836,5621.937175,56060043303,7.735748043,70.40487805,1.341383433
Belarus,BY,BLR,112,BLR,2015,9461076,5967.052204,54062079116,13.53448976,73.62439024,1.257482359
Belarus,BY,BLR,112,BLR,2017,9458989,5964.892944,52670933085,6.031837252,74.12926829,1.146289015
Belarus,BY,BLR,112,BLR,2019,9419758,6264.860965,62539439717,5.59815595,74.22682927,1.20086453
Belgium,BE,BEL,56,BEL,2000,10251250,35674.79125,2.43E+11,2.544517762,77.72195122,1.341210276
Belgium,BE,BEL,56,BEL,2005,10478617,38426.05191,3.91E+11,2.781432637,78.9804878,1.091560058
Belgium,BE,BEL,56,BEL,2010,10895586,39777.92528,4.89E+11,2.189299204,80.18292683,1.084632861
Belgium,BE,BEL,56,BEL,2015,11274196,41008.29672,4.69E+11,0.561429153,80.99268293,0.909284202
Belgium,BE,BEL,56,BEL,2017,11375158,41825.76283,5.07E+11,2.12597086,81.49268293,0.883680595
Belgium,BE,BEL,56,BEL,2019,11488980,43098.48472,5.41E+11,1.43681957,81.99512195,0.889387187
Belize,BZ,BLZ,84,BLZ,2000,240406,5693.741485,1063100900,3.067439669,68.564,0.855252088
Belize,BZ,BLZ,84,BLZ,2005,280375,6301.915865,1347073750,-1.104310444,69.376,0.961314172
Belize,BZ,BLZ,84,BLZ,2010,322106,5881.382237,1600000750,0.917977379,72.272,1.113671387
Belize,BZ,BLZ,84,BLZ,2015,359871,6142.478833,2115050000,-0.861584009,73.187,1.143856161
Belize,BZ,BLZ,84,BLZ,2017,374693,5806.065449,2160800000,1.147653393,73.562,1.255364915
Belize,BZ,BLZ,84,BLZ,2019,389095,5907.348872,2253050000,0.187069385,73.931,1.329104658
Benin,BJ,BEN,204,BEN,2000,6998023,888.7301846,3507693521,4.165404423,56.578,0.412852302
Benin,BJ,BEN,204,BEN,2005,8149419,924.2695241,6549889011,5.364520858,57.125,0.680970685
Benin,BJ,BEN,204,BEN,2010,9445710,962.8161095,9481809629,2.207835325,58.363,
Benin,BJ,BEN,204,BEN,2015,10932783,1041.652523,11295642530,0.218785924,59.377,0.798484705
Benin,BJ,BEN,204,BEN,2017,11596779,1072.361966,12561417748,1.769412474,59.856,0.920613124
Benin,BJ,BEN,204,BEN,2019,12290444,1153.72621,14248201880,-0.705026635,60.454,0.472934841
Bhutan,BT,BTN,64,BTN,2000,587207,1115.626099,423968320,4.012120811,62.01,
Bhutan,BT,BTN,64,BTN,2005,663323,1456.480787,785369263,5.312631046,65.805,
Bhutan,BT,BTN,64,BTN,2010,705516,2171.91129,1460010353,7.036383161,68.43,
Bhutan,BT,BTN,64,BTN,2015,743274,2695.638773,1860822551,4.548143951,70.343,
Bhutan,BT,BTN,64,BTN,2017,756121,2998.475263,2237541687,4.95508367,70.847,
Bhutan,BT,BTN,64,BTN,2019,767459,3219.643671,2306109176,2.725821043,71.391,
Bolivia,BO,BOL,68,BOL,2000,8592656,2017.394606,8172380982,4.608229989,62.346,2.062971201
Bolivia,BO,BOL,68,BOL,2005,9377388,2152.361967,9172726311,5.393231069,64.386,1.717004423
Bolivia,BO,BOL,68,BOL,2010,10223270,2471.47363,18760697222,2.503276058,66.162,1.707910405
Bolivia,BO,BOL,68,BOL,2015,11090085,2975.648811,31873100512,4.059610411,67.318,1.759435915
Bolivia,BO,BOL,68,BOL,2017,11435533,3135.031644,36398995789,2.822758055,67.701,1.536427353
Bolivia,BO,BOL,68,BOL,2019,11777315,3242.948843,40059428638,1.83954505,67.841,1.451270871
Bosnia and Herzegovina,BA,BIH,70,BIH,2000,4179350,2554.552539,6096206689,,74.496,
Bosnia and Herzegovina,BA,BIH,70,BIH,2005,4094297,3218.579603,11690938513,,75.42,1.544219658
Bosnia and Herzegovina,BA,BIH,70,BIH,2010,3811088,3980.42425,17456458996,1.996212367,77.073,1.280341444
Bosnia and Herzegovina,BA,BIH,70,BIH,2015,3524324,4599.901029,16322074454,-1.036023034,76.182,1.000613746
Bosnia and Herzegovina,BA,BIH,70,BIH,2017,3440027,5015.224234,17928376167,0.810133322,76.935,0.864182658
Bosnia and Herzegovina,BA,BIH,70,BIH,2019,3360711,5476.355762,20167965199,0.562782154,77.241,0.8200662
Botswana,BW,BWA,72,BWA,2000,1726985,4917.108685,5436161218,8.601485149,51.011,3.191242951
Botswana,BW,BWA,72,BWA,2005,1892807,5359.884661,9084360897,8.610225285,52.61,2.858004185
Botswana,BW,BWA,72,BWA,2010,2091664,5428.15993,12147305773,6.948876587,60.013,2.726858683
Botswana,BW,BWA,72,BWA,2015,2305171,5869.732943,13124848297,3.062031696,63.818,2.660266574
Botswana,BW,BWA,72,BWA,2017,2401840,6287.597986,14721861869,3.308280768,66.753,3.005878803
Botswana,BW,BWA,72,BWA,2019,2499702,6485.457267,15819870731,2.772864429,65.464,2.812261003
Brazil,BR,BRA,76,BRA,2000,175873720,6745.865881,6.37E+11,7.044141059,69.737,1.730726147
Brazil,BR,BRA,76,BRA,2005,186797334,7325.912358,8.66E+11,6.869537209,71.753,1.524013393
Brazil,BR,BRA,76,BRA,2010,196353492,8673.908812,2.14E+12,5.038726901,73.182,1.539406981
Brazil,BR,BRA,76,BRA,2015,205188205,8783.225984,1.77E+12,9.029901024,74.332,1.365517154
Brazil,BR,BRA,76,BRA,2017,208504960,8470.950789,2.02E+12,3.44637335,74.827,1.414485611
Brazil,BR,BRA,76,BRA,2019,211782878,8592.221538,1.82E+12,3.732976212,75.338,1.379456925
Brunei,BN,BRN,96,BRN,2000,333926,33986.08738,6001153306,1.558152476,74.08,4.06920549
Brunei,BN,BRN,96,BRN,2005,366717,34290.38511,9531402848,1.244437119,74.731,2.349427638
Brunei,BN,BRN,96,BRN,2010,396053,32810.76615,13606894023,0.356869132,74.849,2.850487901
Brunei,BN,BRN,96,BRN,2015,421437,30681.67944,13580987708,-0.488347421,74.75,3.279290461
Brunei,BN,BRN,96,BRN,2017,430276,29696.11841,12848520530,-1.260505646,74.722,2.865169907
Brunei,BN,BRN,96,BRN,2019,438048,30313.65639,13830513708,-0.390522069,74.748,3.078642143
Bulgaria,BG,BGR,100,BGR,2000,8170172,3717.900482,12922427259,10.31626213,71.66341463,2.671170465
Bulgaria,BG,BGR,100,BGR,2005,7658972,5231.298204,29952788133,5.038838071,72.56097561,2.252898222
Bulgaria,BG,BGR,100,BGR,2010,7395599,6427.810062,49627734534,2.438990605,73.51219512,1.652468225
Bulgaria,BG,BGR,100,BGR,2015,7177991,7074.681023,49201494559,-0.104633261,74.61463415,1.248848117
Bulgaria,BG,BGR,100,BGR,2017,7075947,7599.124957,57866861423,2.061596194,74.81463415,1.226243678
Bulgaria,BG,BGR,100,BGR,2019,6975761,8234.839669,66969441900,3.103729448,75.11219512,3.148475544
Burkina Faso,BF,BFA,854,BFA,2000,11882888,429.8473708,2964619404,-0.304212168,50.847,1.392162753
Burkina Faso,BF,BFA,854,BFA,2005,13876127,501.2072485,6082308114,6.415040184,53.092,1.351394486
Burkina Faso,BF,BFA,854,BFA,2010,16116845,563.9267748,9807542029,-0.764230735,56.477,1.377516262
Burkina Faso,BF,BFA,854,BFA,2015,18718019,632.1266837,11293125627,0.724838981,58.845,1.419815231
Burkina Faso,BF,BFA,854,BFA,2017,19835858,671.251794,13577335799,1.482998972,59.536,1.556273179
Burkina Faso,BF,BFA,854,BFA,2019,20951639,716.012195,15326472488,-3.23338934,60.039,2.606037509
Burundi,BI,BDI,108,BDI,2000,6307659,310.0067174,884786065.9,24.43202421,47.514,4.862402213
Burundi,BI,BDI,108,BDI,2005,7388874,294.7387796,1099326336,13.25206992,53.023,4.436190041
Burundi,BI,BDI,108,BDI,2010,9126605,297.7917333,2021267305,6.493265915,57.081,
Burundi,BI,BDI,108,BDI,2015,10727148,289.3596333,3104359958,5.544688913,60.217,2.201862734
Burundi,BI,BDI,108,BDI,2017,11155593,277.9598089,2713792163,16.0525353,61.553,1.870652158
Burundi,BI,BDI,108,BDI,2019,11874838,270.1372831,2583933984,-0.686772171,62.351,2.497152014
Cape Verde,CV,CPV,132,CPV,2000,458251,1844.53807,525174330.4,-2.477456685,68.618,1.154025913
Cape Verde,CV,CPV,132,CPV,2005,492827,2265.03467,938575110.9,0.418891613,72.68,0.649497233
Cape Verde,CV,CPV,132,CPV,2010,521212,2845.702357,1590766907,2.078664709,73.499,0.495061947
Cape Verde,CV,CPV,132,CPV,2015,552166,2891.884482,1537742030,0.131187999,74.62,0.558982326
Cape Verde,CV,CPV,132,CPV,2017,564954,3068.990292,1708731942,0.784415251,76.593,0.53085719
Cape Verde,CV,CPV,132,CPV,2019,577030,3318.932781,1939681905,1.106666743,76.004,0.488213087
Cambodia,KH,KHM,116,KHM,2000,12118841,488.0027023,3533900965,-0.791992529,58.625,2.20981321
Cambodia,KH,KHM,116,KHM,2005,13246583,697.7467582,6005719073,6.61525912,64.293,1.127579071
Cambodia,KH,KHM,116,KHM,2010,14363532,888.9125883,10842976573,3.996395281,67.712,1.493096881
Cambodia,KH,KHM,116,KHM,2015,15417523,1170.742816,17053757291,1.223931955,69.873,1.801622621
Cambodia,KH,KHM,116,KHM,2017,15830689,1304.549389,21037039142,2.912635574,70.515,2.071383501
Cambodia,KH,KHM,116,KHM,2019,16207746,1465.969535,25525556830,1.942575008,70.692,2.228561325
Cameroon,CM,CMR,120,CMR,2000,15091594,1137.624523,9971651797,1.22719013,52.932,1.324748865
Cameroon,CM,CMR,120,CMR,2005,17275171,1250.058879,19020923827,2.013539502,54.362,1.243220765
Cameroon,CM,CMR,120,CMR,2010,19878036,1277.265689,27243247447,1.275380462,56.582,1.354256639
Cameroon,CM,CMR,120,CMR,2015,23012646,1399.675331,31773333574,2.685982772,59.658,1.144433296
Cameroon,CM,CMR,120,CMR,2017,24393181,1429.23468,35437229950,0.642673522,60.81,1.173793483
Cameroon,CM,CMR,120,CMR,2019,25782341,1454.564064,38827845867,2.452802141,61.584,1.086759173
Canada,CA,CAN,124,CAN,2000,30685730,37923.48646,7.25E+11,2.719439957,79.13658537,1.11808088
Canada,CA,CAN,124,CAN,2005,32243753,40989.52682,1.15E+12,2.213552034,80.19268293,1.110669655
Canada,CA,CAN,124,CAN,2010,34004889,41155.32364,1.59E+12,1.776871541,81.24634146,1.194338338
Canada,CA,CAN,124,CAN,2015,35702908,43596.13554,1.53E+12,1.125241361,81.9,1.152709374
Canada,CA,CAN,124,CAN,2017,36545236,44325.48834,1.63E+12,1.596884129,81.9,1.351602232
Canada,CA,CAN,124,CAN,2019,37601230,45109.24449,1.72E+12,1.949269024,82.04878049,1.286097099
Central African Republic,CF,CAF,140,CAF,2000,3759170,445.8032915,903680539.3,3.203400916,45.406,
Central African Republic,CF,CAF,140,CAF,2005,4208834,436.1002636,1327668695,2.883520734,46.433,1.15123645
Central African Republic,CF,CAF,140,CAF,2010,4660067,500.5292757,2152234701,1.4910237,49.255,2.597425043
Central African Republic,CF,CAF,140,CAF,2015,4819333,351.8797536,1716880210,1.402970171,52.793,1.686089014
Central African Republic,CF,CAF,140,CAF,2017,4996741,371.6031298,2177935400,4.180723319,53.721,1.435967607
Central African Republic,CF,CAF,140,CAF,2019,5209324,381.4140451,2386023522,2.685373553,55.025,1.915529229
Chad,TD,TCD,148,TCD,2000,8259137,379.3515456,1370995736,3.822600881,47.443,1.362045317
Chad,TD,TCD,148,TCD,2005,10005012,682.3538711,5624396342,7.890365675,48.312,0.83197797
Chad,TD,TCD,148,TCD,2010,11894727,727.5249426,10312399365,-2.077865746,49.584,5.764933115
Chad,TD,TCD,148,TCD,2015,14140274,774.4116005,10618477273,4.377126651,51.589,2.018821854
Chad,TD,TCD,148,TCD,2017,15085884,660.1261315,9869508954,-1.53709963,52.308,2.238589247
Chad,TD,TCD,148,TCD,2019,16126866,652.7032138,11140998595,-0.971939175,53.259,2.187152986
Chile,CL,CHL,152,CHL,2000,15351799,8550.711454,75513565363,3.843272957,76.87,2.703282046
Chile,CL,CHL,152,CHL,2005,16175311,10214.73255,1.13E+11,3.052576214,78.016,2.521502877
Chile,CL,CHL,152,CHL,2010,17004162,11773.00412,2.03E+11,1.41071108,78.501,2.23946831
Chile,CL,CHL,152,CHL,2015,17870124,13569.9478,2.37E+11,4.348773532,79.746,1.898487266
Chile,CL,CHL,152,CHL,2017,18368577,13615.52353,2.66E+11,2.182718469,80.35,1.935901075
Chile,CL,CHL,152,CHL,2019,19039485,13765.11825,2.68E+11,2.557544757,80.326,1.856668653
China,CN,CHN,156,CHN,2000,1262645000,2193.892991,1.20E+12,0.347811227,71.881,1.830343718
China,CN,CHN,156,CHN,2005,1303720000,3390.71017,2.27E+12,1.776414077,74.111,1.85334244
China,CN,CHN,156,CHN,2010,1337705000,5647.058752,6.06E+12,3.175324753,75.599,1.73947515
China,CN,CHN,156,CHN,2015,1379860000,8016.431435,1.10E+13,1.437023809,76.977,1.750717767
China,CN,CHN,156,CHN,2017,1396215000,9053.212733,1.23E+13,1.593136001,77.248,1.74645507
China,CN,CHN,156,CHN,2019,1407745000,10155.49294,1.42E+13,2.899234164,77.968,1.727827863
Colombia,CO,COL,170,COL,2000,39215135,4003.840324,97729902124,9.225348186,71.32,3.031683539
Colombia,CO,COL,170,COL,2005,42220940,4447.405926,1.42E+11,5.051019627,73.081,3.352873388
Colombia,CO,COL,170,COL,2010,44816108,5209.544008,2.77E+11,2.272002279,75.033,3.642755602
Colombia,CO,COL,170,COL,2015,47119728,6228.426299,2.90E+11,4.989831158,76.257,3.109960084
Colombia,CO,COL,170,COL,2017,48351671,6280.663838,3.07E+11,4.314313257,76.646,3.209062437
Colombia,CO,COL,170,COL,2019,50187406,6403.877096,3.16E+11,3.523019327,76.752,3.140733964
Comoros,KM,COM,174,COM,2000,536758,1202.13131,351478562.7,,58.757,
Comoros,KM,COM,174,COM,2005,592683,1219.991159,652172799.8,3.013323951,59.604,
Comoros,KM,COM,174,COM,2010,656024,1270.302578,907127359.3,3.354757703,61.123,
Comoros,KM,COM,174,COM,2015,730216,1322.936695,971041170.1,,62.896,
Comoros,KM,COM,174,COM,2017,761664,1360.431104,1082473296,,63.625,
Comoros,KM,COM,174,COM,2019,790986,1381.622155,1200664080,,64.068,
"Congo, the Democratic Republic of the",CD,COD,180,COD,2000,48616317,339.969435,18699788397,513.9068437,51.781,0.220260773
"Congo, the Democratic Republic of the",CD,COD,180,COD,2005,56550247,352.321215,11457022517,21.31681672,53.927,1.380795458
"Congo, the Democratic Republic of the",CD,COD,180,COD,2010,66391257,393.0274343,20654939478,7.1,56.417,0.851731339
"Congo, the Democratic Republic of the",CD,COD,180,COD,2015,78656904,482.0645483,35126776383,0.744198995,58.49,1.295639749
"Congo, the Democratic Republic of the",CD,COD,180,COD,2017,84283273,477.8478711,36945659018,,59.411,0.770467136
"Congo, the Democratic Republic of the",CD,COD,180,COD,2019,89906890,494.8192269,48961722123,,60.276,0.708059013
Congo,CG,COG,178,COG,2000,3134030,2057.767151,2280886123,-0.881991517,53.682,
Congo,CG,COG,178,COG,2005,3672839,2142.705976,5043792455,3.094490115,58.126,1.657893917
Congo,CG,COG,178,COG,2010,4437884,2333.074237,12221535293,0.391525011,61.683,1.778276155
Congo,CG,COG,178,COG,2015,5064386,2347.818499,11824419776,3.169097968,63.233,
Congo,CG,COG,178,COG,2017,5312340,1909.365875,9536265232,0.450063823,63.76,4.209375353
Congo,CG,COG,178,COG,2019,5570733,1731.79988,11342075652,2.206073058,62.747,2.748296599
Costa Rica,CR,CRI,188,CRI,2000,3979193,7646.026942,14324865024,10.96154966,77.586,
Costa Rica,CR,CRI,188,CRI,2005,4315887,8545.746794,19287327645,13.79829491,78.505,
Costa Rica,CR,CRI,188,CRI,2010,4622252,10137.5816,36472426417,5.662757084,78.67,
Costa Rica,CR,CRI,188,CRI,2015,4895242,11529.95453,54062014185,0.801982005,79.086,
Costa Rica,CR,CRI,188,CRI,2017,4993842,12267.16135,57355100765,1.62590693,79.377,
Costa Rica,CR,CRI,188,CRI,2019,5084532,12662.42214,60585991196,2.096046353,79.427,
Ivory Coast,CI,CIV,384,CIV,2000,16799670,1809.920795,9739259485,2.530775167,50.842,
Ivory Coast,CI,CIV,384,CIV,2005,18970215,1514.620553,16439389625,3.885830399,51.824,1.462534212
Ivory Coast,CI,CIV,384,CIV,2010,21120042,1640.315029,23995589514,1.226456121,55.023,1.557966049
Ivory Coast,CI,CIV,384,CIV,2015,23596741,1941.566336,44807384563,1.251499548,57.762,1.719446027
Ivory Coast,CI,CIV,384,CIV,2017,24848016,2121.603009,50051967023,0.685881065,58.48,1.329599894
Ivory Coast,CI,CIV,384,CIV,2019,26147551,2289.376521,56975603680,-1.10686344,59.319,1.227480729
Croatia,HR,HRV,191,HRV,2000,4468302,8805.8584,21404519812,4.611315547,72.80780488,3.030055777
Croatia,HR,HRV,191,HRV,2005,4310145,11408.57605,44741231201,3.317178244,75.24463415,1.762328437
Croatia,HR,HRV,191,HRV,2010,4295427,11788.85032,58634210572,1.030555053,76.47560976,1.681190601
Croatia,HR,HRV,191,HRV,2015,4203604,11952.31118,50518064215,-0.464499005,77.27560976,1.760579685
Croatia,HR,HRV,191,HRV,2017,4124531,13045.51936,56198756935,1.129372103,77.82682927,1.643593395
Croatia,HR,HRV,191,HRV,2019,4065253,14071.91147,62379408636,0.771820346,78.42439024,1.609302367
Cuba,CU,CUB,192,CUB,2000,11105791,4113.507265,29943500000,,76.183,
Cuba,CU,CUB,192,CUB,2005,11246114,5189.950033,42010636100,,77.047,
Cuba,CU,CUB,192,CUB,2010,11290417,6720.677673,58237037037,,77.661,3.326856112
Cuba,CU,CUB,192,CUB,2015,11339894,7683.757891,86014000000,,77.772,3.083791445
Cuba,CU,CUB,192,CUB,2017,11336405,7865.371561,95497000000,,77.529,2.872403239
Cuba,CU,CUB,192,CUB,2019,11316697,8042.948524,1.02E+11,,77.611,
Cyprus,CY,CYP,196,CYP,2000,948237,22383.76758,9128568332,4.141657647,76.568,2.822090151
Cyprus,CY,CYP,196,CYP,2005,1037062,25631.1543,17475010571,2.560161323,78.101,2.037469743
Cyprus,CY,CYP,196,CYP,2010,1129686,26089.93359,25436460838,2.430040841,79.665,1.857807744
Cyprus,CY,CYP,196,CYP,2015,1187280,23487.125,19779687029,-2.096997691,80.966,1.653213363
Cyprus,CY,CYP,196,CYP,2017,1208523,26101.18164,22274965333,0.531766496,81.328,1.583111306
Cyprus,CY,CYP,196,CYP,2019,1228836,28359.91992,24541332645,0.250370997,81.397,1.858043502
Czech Republic,CZ,CZE,203,CZE,2000,10255063,12312.49777,60625668796,3.775388292,74.96829268,1.877356956
Czech Republic,CZ,CZE,203,CZE,2005,10211216,14978.41319,1.31E+11,1.857097891,75.92439024,1.790083772
Czech Republic,CZ,CZE,203,CZE,2010,10474410,16505.9537,1.93E+11,1.472727273,77.42439024,1.194772181
Czech Republic,CZ,CZE,203,CZE,2015,10546059,17829.69832,1.75E+11,0.309364548,78.57804878,0.946582096
Czech Republic,CZ,CZE,203,CZE,2017,10594438,19139.23988,2.06E+11,2.450533985,78.97804878,0.956655422
Czech Republic,CZ,CZE,203,CZE,2019,10671870,20206.42564,2.37E+11,2.847875959,79.22926829,1.152521403
Denmark,DK,DNK,208,DNK,2000,5339616,49241.928,1.60E+11,2.903282032,76.59268293,1.457444051
Denmark,DK,DNK,208,DNK,2005,5419432,51835.83271,2.67E+11,1.817814583,77.84390244,1.31148864
Denmark,DK,DNK,208,DNK,2010,5547683,51173.46616,3.27E+11,2.31092437,79.1,1.398621787
Denmark,DK,DNK,208,DNK,2015,5683483,53254.85637,3.12E+11,0.452034154,80.70243902,1.111446012
Denmark,DK,DNK,208,DNK,2017,5764980,55735.7649,3.39E+11,1.14713217,81.10243902,1.138233254
Denmark,DK,DNK,208,DNK,2019,5814422,57203.02779,3.57E+11,0.758131573,81.45121951,1.310977186
Djibouti,DJ,DJI,262,DJI,2000,742033,,567019654.4,,56.573,5.069101191
Djibouti,DJ,DJI,262,DJI,2005,830861,,729424209.9,3.104966401,58.316,6.328690626
Djibouti,DJ,DJI,262,DJI,2010,919199,,1145970369,3.950078759,60.259,
Djibouti,DJ,DJI,262,DJI,2015,1006259,2409.311902,2397387661,-0.847389734,61.957,
Djibouti,DJ,DJI,262,DJI,2017,1040233,2632.913333,2635915380,0.568112117,62.797,
Djibouti,DJ,DJI,262,DJI,2019,1073994,2820.062866,2995009917,3.319253727,63.085,
Dominican Republic,DO,DOM,214,DOM,2000,8540791,4175.170931,23264321905,7.724135662,69.423,1.030096472
Dominican Republic,DO,DOM,214,DOM,2005,9164768,4612.808646,33873701573,4.190202605,70.875,0.766536372
Dominican Republic,DO,DOM,214,DOM,2010,9775755,5724.307164,51932975555,6.329932201,72.093,0.667531705
Dominican Republic,DO,DOM,214,DOM,2015,10405832,6838.936594,68228425257,0.836746347,72.953,0.643674978
Dominican Republic,DO,DOM,214,DOM,2017,10647244,7461.653103,76204175622,3.279556947,73.063,0.666063444
Dominican Republic,DO,DOM,214,DOM,2019,10881882,8205.142409,84872399734,1.81060377,73.577,0.689583104
Ecuador,EC,ECU,218,ECU,2000,12626507,4227.552516,17103552776,96.09411369,72.839,1.452075953
Ecuador,EC,ECU,218,ECU,2005,13770012,4912.527491,39691563800,2.407769783,74.514,2.298402791
Ecuador,EC,ECU,218,ECU,2010,14989585,5331.383774,68569173000,3.554377346,75.43,3.010551292
Ecuador,EC,ECU,218,ECU,2015,16195902,6130.586676,97501257000,3.966646233,76.789,2.616074159
Ecuador,EC,ECU,218,ECU,2017,16696944,6012.803317,1.02E+11,0.417335589,76.972,2.361263384
Ecuador,EC,ECU,218,ECU,2019,17343740,5863.910566,1.05E+11,0.266012515,77.297,2.183632409
Egypt,EG,EGY,818,EGY,2000,71371371,2517.580506,1.00E+11,2.683805353,68.007,2.55126514
Egypt,EG,EGY,818,EGY,2005,79075310,2703.222583,89346865557,4.869396969,68.779,2.714220407
Egypt,EG,EGY,818,EGY,2010,87252413,3305.883247,2.15E+11,11.26518827,69.664,1.952967042
Egypt,EG,EGY,818,EGY,2015,97723799,3370.382447,3.24E+11,10.37049034,70.483,1.723147428
Egypt,EG,EGY,818,EGY,2017,101789386,3517.587895,2.31E+11,29.50660839,71.302,1.4220317
Egypt,EG,EGY,818,EGY,2019,105618671,3768.627511,2.92E+11,9.152799593,71.358,1.180971797
El Salvador,SV,SLV,222,SLV,2000,5958482,2957.371869,11531827700,2.271287568,69.865,0.840331038
El Salvador,SV,SLV,222,SLV,2005,6037817,3147.225225,14207700000,4.690948709,70.44,0.904204654
El Salvador,SV,SLV,222,SLV,2010,6114034,3373.043809,17909710000,1.179335769,71.848,1.089553727
El Salvador,SV,SLV,222,SLV,2015,6231066,3761.51368,22346390000,-0.731384487,71.814,1.056819966
El Salvador,SV,SLV,222,SLV,2017,6266654,3921.315865,23591570000,1.012354033,72.311,1.044469416
El Salvador,SV,SLV,222,SLV,2019,6280217,4104.917889,25540040000,0.075324135,72.559,1.173830536
Equatorial Guinea,GQ,GNQ,226,GNQ,2000,684977,3941.663522,675806916.3,4.802288869,53.226,
Equatorial Guinea,GQ,GNQ,226,GNQ,2005,864726,11188.44854,4173013695,5.631633514,55.464,
Equatorial Guinea,GQ,GNQ,226,GNQ,2010,1094524,11933.31103,9578455128,7.78916548,57.878,
Equatorial Guinea,GQ,GNQ,226,GNQ,2015,1346973,9788.983771,9945017664,1.676630853,60.103,1.041432076
Equatorial Guinea,GQ,GNQ,226,GNQ,2017,1450694,7818.053564,8983530337,0.745599218,60.821,1.100368826
Equatorial Guinea,GQ,GNQ,226,GNQ,2019,1553031,6472.070861,8329917011,1.238698602,61.644,1.214082765
Eritrea,ER,ERI,232,ERI,2000,2392880,793.6205616,706846472.7,,56.111,32.65567119
Eritrea,ER,ERI,232,ERI,2005,2831732,761.0317824,1089003670,,60.597,
Eritrea,ER,ERI,232,ERI,2010,3147727,658.5862715,1569887473,,63.787,
Eritrea,ER,ERI,232,ERI,2015,3340006,,,,66.033,
Eritrea,ER,ERI,232,ERI,2017,3396933,,,,66.577,
Eritrea,ER,ERI,232,ERI,2019,3498818,,,,67.3,
Estonia,EE,EST,233,EST,2000,1396985,9960.139039,5472116465,4.018489525,70.41707317,1.376327115
Estonia,EE,EST,233,EST,2005,1354775,14631.38733,13457655764,4.079714232,72.56829268,1.450919932
Estonia,EE,EST,233,EST,2010,1331475,14585.83866,18473734528,2.97204512,75.42926829,1.686470067
Estonia,EE,EST,233,EST,2015,1315407,17402.03761,22387751107,-0.492326007,77.5902439,2.011335173
Estonia,EE,EST,233,EST,2017,1317384,18962.4103,26262150182,3.417235495,78.09268293,2.007733521
Estonia,EE,EST,233,EST,2019,1326898,20269.57514,30497172386,2.277259312,78.64634146,2.024018821
Swaziland,SZ,SWZ,748,SWZ,2000,1030496,2411.444924,1772303683,12.20853585,47.256,1.435205791
Swaziland,SZ,SWZ,748,SWZ,2005,1071886,2790.250788,3356415109,4.774004046,42.125,1.902886579
Swaziland,SZ,SWZ,748,SWZ,2010,1099920,3199.053542,4212626974,4.509236918,46.619,2.298660667
Swaziland,SZ,SWZ,748,SWZ,2015,1133936,3583.31129,3903725442,4.951244937,55.019,1.805081503
Swaziland,SZ,SWZ,748,SWZ,2017,1151390,3638.768782,4107866513,6.221375289,57.895,1.958201682
Swaziland,SZ,SWZ,748,SWZ,2019,1169613,3766.062999,4042424127,2.598016203,60.549,1.886147697
Ethiopia,ET,ETH,231,ETH,2000,67031867,258.8705508,8182263337,0.662458109,50.538,7.613843906
Ethiopia,ET,ETH,231,ETH,2005,77469940,305.9793854,12365354408,9.969971235,54.008,2.761551436
Ethiopia,ET,ETH,231,ETH,2010,89237791,445.1823799,29825574928,8.14926403,59.73,1.133586485
Ethiopia,ET,ETH,231,ETH,2015,102471895,630.3126821,64326834730,9.56889956,63.649,0.705413868
Ethiopia,ET,ETH,231,ETH,2017,108197950,715.748806,81285191646,10.68711503,64.838,0.685077814
Ethiopia,ET,ETH,231,ETH,2019,114120594,785.4850502,95322999765,15.80963217,65.838,0.578180787
Fiji,FJ,FJI,242,FJI,2000,832509,4000.911583,1711500517,1.0921646,66.31,1.756243418
Fiji,FJ,FJI,242,FJI,2005,874923,4291.77689,3023832052,2.365764538,66.632,1.323594614
Fiji,FJ,FJI,242,FJI,2010,905169,4297.200424,3042553088,3.689012297,67.328,1.481749226
Fiji,FJ,FJI,242,FJI,2015,917200,5105.262627,4407184562,1.374885426,66.844,0.910146352
Fiji,FJ,FJI,242,FJI,2017,919019,5499.200904,4930307026,3.347578348,67.79,1.404844224
Fiji,FJ,FJI,242,FJI,2019,918465,5679.050725,5030971600,1.773101825,67.893,1.455350585
Finland,FI,FIN,246,FIN,2000,5176209,37884.39132,1.25E+11,3.042100807,77.46585366,1.241147504
Finland,FI,FIN,246,FIN,2005,5246096,42530.61968,2.06E+11,0.62387445,78.81707317,1.467190429
Finland,FI,FIN,246,FIN,2010,5363352,43563.5722,2.53E+11,1.184135232,79.87073171,1.49175816
Finland,FI,FIN,246,FIN,2015,5479531,42801.90812,2.37E+11,-0.20792884,81.4804878,1.449960972
Finland,FI,FIN,246,FIN,2017,5508214,45173.62941,2.56E+11,0.754015047,81.63170732,1.353498604
Finland,FI,FIN,246,FIN,2019,5521606,46135.88142,2.70E+11,1.02409393,81.98292683,1.347711136
France,FR,FRA,250,FRA,2000,60921384,33592.46683,1.39E+12,1.675959887,79.05609756,2.085018245
France,FR,FRA,250,FRA,2005,63188395,35208.8558,2.23E+12,1.745869364,80.16341463,2.023706919
France,FR,FRA,250,FRA,2010,65030575,35638.12156,2.71E+12,1.531122704,81.66341463,1.969419353
France,FR,FRA,250,FRA,2015,66548272,36652.92231,2.49E+12,0.037514381,82.32195122,1.872258281
France,FR,FRA,250,FRA,2017,66918020,37694.0833,2.65E+12,1.032282751,82.57560976,1.908642012
France,FR,FRA,250,FRA,2019,67388001,38832.0242,2.79E+12,1.108254923,82.82682927,1.836461471
Gabon,GA,GAB,266,GAB,2000,1272935,7611.835688,4299812168,0.504920026,61.069,1.801452248
Gabon,GA,GAB,266,GAB,2005,1458353,7155.365461,8624810909,3.708333333,61.959,1.248682169
Gabon,GA,GAB,266,GAB,2010,1711105,6514.731141,12484463860,1.461544027,63.898,1.871622566
Gabon,GA,GAB,266,GAB,2015,2028517,7090.45461,13188718851,-0.338795189,65.46,1.185025608
Gabon,GA,GAB,266,GAB,2017,2140215,6893.384304,13985729748,2.651925831,66.189,1.810489535
Gabon,GA,GAB,266,GAB,2019,2242785,6893.323082,15511133836,2.464567562,66.603,1.580901717
Gambia,GM,GMB,270,GMB,2000,1437539,667.965505,752681081.7,0.844969567,56.942,0.315793599
Gambia,GM,GMB,270,GMB,2005,1660368,661.3220355,1005256868,4.838621775,58.394,0.277027429
Gambia,GM,GMB,270,GMB,2010,1937275,697.162699,1513386209,5.049680759,60.717,
Gambia,GM,GMB,270,GMB,2015,2253133,611.6713342,1345126869,6.808454946,62.494,1.008858467
Gambia,GM,GMB,270,GMB,2017,2381182,618.4808851,1476610604,8.034189745,62.995,
Gambia,GM,GMB,270,GMB,2019,2508883,668.6352484,1783608280,7.115676256,63.755,0.810245701
Georgia,GE,GEO,268,GEO,2000,4077131,1566.560257,3094875335,4.063962014,69.575,0.615582491
Georgia,GE,GEO,268,GEO,2005,3902469,2329.570854,6471623655,8.247090431,71.13,3.339169797
Georgia,GE,GEO,268,GEO,2010,3786695,3100.723427,12026105594,7.110178975,72.128,3.709632391
Georgia,GE,GEO,268,GEO,2015,3725276,4014.185944,14615250562,4.003578207,73.297,2.00294589
Georgia,GE,GEO,268,GEO,2017,3728004,4327.727585,15447499821,6.035317253,73.57,1.969742969
Georgia,GE,GEO,268,GEO,2019,3720161,4773.423309,16692817892,4.852898217,73.47,1.749924308
Germany,DE,DEU,276,DEU,2000,82211508,34490.07577,1.94E+12,1.440268187,77.92682927,1.358883033
Germany,DE,DEU,276,DEU,2005,82469422,35310.47047,2.87E+12,1.546909652,78.93170732,1.065629701
Germany,DE,DEU,276,DEU,2010,81776930,37760.91363,3.47E+12,1.103809161,79.98780488,1.266826626
Germany,DE,DEU,276,DEU,2015,81686611,41103.25644,3.43E+12,0.51442054,80.64146341,1.137338427
Germany,DE,DEU,276,DEU,2017,82657002,42639.55441,3.78E+12,1.509496558,80.99268293,1.154049407
Germany,DE,DEU,276,DEU,2019,83092962,43284.60246,4.02E+12,1.445667015,81.29268293,1.260267753
Ghana,GH,GHA,288,GHA,2000,19665502,1020.173739,4836061112,40.24093312,58.195,0.627279006
Ghana,GH,GHA,288,GHA,2005,22496951,1140.199319,10613532479,15.43899202,59.76,0.367459297
Ghana,GH,GHA,288,GHA,2010,25574719,1375.000574,31663124545,10.73338984,61.157,0.380677684
Ghana,GH,GHA,288,GHA,2015,28870939,1711.290666,47921089700,17.1499695,63.175,0.526514224
Ghana,GH,GHA,288,GHA,2017,30222262,1827.294579,57431697460,12.37192155,64.013,0.401629021
Ghana,GH,GHA,288,GHA,2019,31522290,1981.636156,65527306781,7.143640033,64.74,0.441936078
Greece,GR,GRC,300,GRC,2000,10805808,18642.80207,,3.151181625,77.88780488,3.46535532
Greece,GR,GRC,300,GRC,2005,10987314,22185.52068,,3.545072733,79.23902439,2.836596277
Greece,GR,GRC,300,GRC,2010,11121341,21560.35335,2.91E+11,4.712989078,80.38780488,2.750218262
Greece,GR,GRC,300,GRC,2015,10820883,18083.87791,1.96E+11,-1.735888048,81.03658537,2.466920999
Greece,GR,GRC,300,GRC,2017,10754679,18304.30768,1.99E+11,1.12125452,81.28780488,2.563489907
Greece,GR,GRC,300,GRC,2019,10721582,19018.90212,2.03E+11,0.253007522,81.63902439,2.666951867
Grenada,GD,GRD,308,GRD,2000,107432,6678.368483,486296222.2,2.181818182,72.783,
Grenada,GD,GRD,308,GRD,2005,110254,8124.487201,667273407.4,3.475806938,73.521,
Grenada,GD,GRD,308,GRD,2010,114039,7505.773072,731135629.6,3.436509059,74.999,
Grenada,GD,GRD,308,GRD,2015,118980,8379.621847,880071222.2,-0.515448031,75.013,
Grenada,GD,GRD,308,GRD,2017,120921,8933.227637,1004051111,0.908458256,74.765,
Grenada,GD,GRD,308,GRD,2019,122724,9247.90866,1097604000,0.598149765,74.863,
Guatemala,GT,GTM,320,GTM,2000,11589761,3195.39434,19079227161,5.977577347,67.446,0.918401635
Guatemala,GT,GTM,320,GTM,2005,12948292,3320.164071,26298543667,9.108649857,69.168,0.383913657
Guatemala,GT,GTM,320,GTM,2010,14259687,3606.430549,39642735660,3.859509098,70.878,0.441382604
Guatemala,GT,GTM,320,GTM,2015,15567419,3994.636913,60699783495,2.388720328,72.103,0.432011238
Guatemala,GT,GTM,320,GTM,2017,16087418,4091.268,70153026035,4.424536552,72.551,0.402560936
Guatemala,GT,GTM,320,GTM,2019,16604026,4263.078053,75766365559,3.69998398,73.129,0.465831692
Guinea,GN,GIN,324,GIN,2000,8336967,620.9044599,2922237265,,52.479,1.534637514
Guinea,GN,GIN,324,GIN,2005,9140114,658.894385,2657936712,31.37330259,54.632,
Guinea,GN,GIN,324,GIN,2010,10270728,683.9845886,6776357857,15.46198107,56.72,
Guinea,GN,GIN,324,GIN,2015,11625998,756.4255941,8650959121,10.82068212,58.134,2.517735345
Guinea,GN,GIN,324,GIN,2017,12240789,878.1792764,10274041360,8.91452597,59.109,1.768122506
Guinea,GN,GIN,324,GIN,2019,12877539,937.7031368,12782497681,9.470779373,59.72,1.445135682
Guyana,GY,GUY,328,GUY,2000,759051,3788.250004,668697606.8,6.14854333,64.483,1.765977248
Guyana,GY,GUY,328,GUY,2005,759709,3874.076933,804427767.4,6.925543039,65.132,1.410485837
Guyana,GY,GUY,328,GUY,2010,747932,4868.705563,3445692953,3.733377577,66.743,1.375436888
Guyana,GY,GUY,328,GUY,2015,755031,5668.429765,4304537269,-1.001734328,68.201,1.452213332
Guyana,GY,GUY,328,GUY,2017,763252,6038.273456,4736697060,1.904656155,68.667,1.650397728
Guyana,GY,GUY,328,GUY,2019,798753,6348.69809,5127130584,2.087230892,69.124,1.60417879
Haiti,HT,HTI,332,HTI,2000,8360225,1332.247467,6804388214,9.333221976,58.365,
Haiti,HT,HTI,332,HTI,2005,9111900,1295.646935,7149028253,13.97300833,60.415,
Haiti,HT,HTI,332,HTI,2010,9842880,1310.82894,11881597691,4.827341901,46.019,
Haiti,HT,HTI,332,HTI,2015,10563757,1404.155214,14873787397,6.731840697,63.237,0.088753765
Haiti,HT,HTI,332,HTI,2017,10863543,1425.050912,15094067853,10.68008872,63.854,0.088102973
Haiti,HT,HTI,332,HTI,2019,11160438,1386.518517,14835495479,18.70378257,64.255,0.139421258
Honduras,HN,HND,340,HND,2000,6656725,1768.25189,6963923292,11.04803493,68.662,0.72992906
Honduras,HN,HND,340,HND,2005,7564613,1953.323897,9300037701,8.809060748,70.104,0.641478464
Honduras,HN,HND,340,HND,2010,8450933,2087.249893,15110478378,4.69889065,71.088,1.074457208
Honduras,HN,HND,340,HND,2015,9294505,2257.222712,19549500574,3.15783118,72.487,1.67127565
Honduras,HN,HND,340,HND,2017,9626842,2373.788855,21721170345,3.934360844,72.692,1.724405178
Honduras,HN,HND,340,HND,2019,9958829,2446.10531,23102311443,4.365871598,72.881,1.623597965
Hungary,HU,HUN,348,HUN,2000,10210971,8967.696269,44475804737,9.803610169,71.24634146,1.513100227
Hungary,HU,HUN,348,HUN,2005,10087065,11278.61603,1.06E+11,3.561517114,72.64878049,1.412028787
Hungary,HU,HUN,348,HUN,2010,10000023,11307.7162,1.26E+11,4.855557957,74.20731707,1.023995608
Hungary,HU,HUN,348,HUN,2015,9843028,12717.0386,1.19E+11,-0.06164468,75.56829268,0.90544456
Hungary,HU,HUN,348,HUN,2017,9787966,13628.40449,1.37E+11,2.348242812,75.81707317,1.026657623
Hungary,HU,HUN,348,HUN,2019,9771141,15082.67149,1.60E+11,3.338586354,76.3195122,1.254386294
Iceland,IS,ISL,352,ISL,2000,281205,42174.66506,8688310797,5.136471232,79.65365854,
Iceland,IS,ISL,352,ISL,2005,296734,48850.76586,16018101733,3.987047828,81.50243902,
Iceland,IS,ISL,352,ISL,2010,318041,48193.7014,11120562233,5.396731132,81.89756098,
Iceland,IS,ISL,352,ISL,2015,330815,52951.68151,16543802058,1.633055582,82.46829268,
Iceland,IS,ISL,352,ISL,2017,343400,56501.45768,23965940756,1.760415592,82.66097561,
Iceland,IS,ISL,352,ISL,2019,360563,57806.06375,24634234578,3.013971792,83.16341463,
India,IN,IND,356,IND,2000,1059633675,755.4820979,4.63E+11,4.00943591,62.669,2.948929906
India,IN,IND,356,IND,2005,1154638713,947.7631892,8.14E+11,4.24634362,64.996,2.754907666
India,IN,IND,356,IND,2010,1240613620,1238.014405,1.66E+12,11.98938992,66.909,2.889461328
India,IN,IND,356,IND,2015,1322866505,1590.173918,2.08E+12,4.906973441,69.636,2.457450601
India,IN,IND,356,IND,2017,1354195680,1795.911383,2.62E+12,3.328173375,70.467,2.531462588
India,IN,IND,356,IND,2019,1383112050,1941.815083,2.80E+12,3.729505735,70.91,2.519120764
Indonesia,ID,IDN,360,IDN,2000,214072421,1845.227806,1.54E+11,3.68861916,66.433,0.684483764
Indonesia,ID,IDN,360,IDN,2005,228805144,2174.915228,2.72E+11,10.45319842,67.649,0.750789394
Indonesia,ID,IDN,360,IDN,2010,244016173,2695.868178,7.35E+11,5.134204008,68.679,0.617587092
Indonesia,ID,IDN,360,IDN,2015,259091970,3322.581688,8.32E+11,6.363121131,69.699,0.882266734
Indonesia,ID,IDN,360,IDN,2017,264498852,3591.780038,9.83E+11,3.80879807,69.936,0.865191376
Indonesia,ID,IDN,360,IDN,2019,269582878,3892.421673,1.09E+12,3.03058665,70.518,0.728504562
"Iran, Islamic Republic of",IR,IRN,364,IRN,2000,65544383,3927.709225,1.10E+11,14.47675132,69.691,2.295042222
"Iran, Islamic Republic of",IR,IRN,364,IRN,2005,70182594,4748.030256,2.26E+11,13.43311801,71.838,3.036654498
"Iran, Islamic Republic of",IR,IRN,364,IRN,2010,75373855,5378.717713,4.87E+11,10.08936293,73.069,2.786548061
"Iran, Islamic Republic of",IR,IRN,364,IRN,2015,81790841,4990.936798,4.09E+11,12.48468156,75.124,2.760311749
"Iran, Islamic Republic of",IR,IRN,364,IRN,2017,84505076,5401.455939,4.87E+11,8.044924377,75.971,3.105184169
"Iran, Islamic Republic of",IR,IRN,364,IRN,2019,86564202,5017.117217,2.84E+11,39.90734557,76.103,2.100567132
Iraq,IQ,IRQ,368,IRQ,2000,24628858,4138.188056,48059388966,4.978962132,66.817,
Iraq,IQ,IRQ,368,IRQ,2005,28698684,3277.112003,45427690353,36.95948092,64.844,2.242580305
Iraq,IQ,IRQ,368,IRQ,2010,31264875,3854.688465,1.40E+11,2.877747253,67.062,2.70935228
Iraq,IQ,IRQ,368,IRQ,2015,37757813,4416.943049,1.65E+11,1.393330288,69.44,5.410251036
Iraq,IQ,IRQ,368,IRQ,2017,39621162,4702.400617,1.86E+11,0.184058899,70.413,3.862032019
Iraq,IQ,IRQ,368,IRQ,2019,41563520,4854.386633,2.32E+11,-0.19896538,71.576,3.38219585
Ireland,IE,IRL,372,IRL,2000,3805174,42098.27937,87356264075,5.5907173,76.53658537,0.695697742
Ireland,IE,IRL,372,IRL,2005,4159914,49952.50294,1.83E+11,2.429691984,78.94390244,0.540993179
Ireland,IE,IRL,372,IRL,2010,4560155,46438.76969,1.87E+11,-0.922095829,80.74390244,0.573792994
Ireland,IE,IRL,372,IRL,2015,4701957,62053.98444,2.25E+11,-0.289879079,81.45365854,0.34201587
Ireland,IE,IRL,372,IRL,2017,4807388,67486.2718,2.68E+11,0.340531561,82.15609756,0.304141143
Ireland,IE,IRL,372,IRL,2019,4934340,75239.30289,3.10E+11,0.939044481,82.70243902,0.279145286
Israel,IL,ISR,376,ISR,2000,6289000,29321.3254,1.28E+11,1.053575432,78.95365854,6.297164983
Israel,IL,ISR,376,ISR,2005,6930100,29503.90146,1.46E+11,1.312661499,80.15121951,6.26491269
Israel,IL,ISR,376,ISR,2010,7623600,33048.55459,2.34E+11,2.716640575,81.60243902,5.936345029
Israel,IL,ISR,376,ISR,2015,8380100,36206.52222,3.01E+11,-0.634390651,82.05121951,5.489118892
Israel,IL,ISR,376,ISR,2017,8713300,37953.04046,3.56E+11,0.244953121,82.55121951,5.475427006
Israel,IL,ISR,376,ISR,2019,9054000,39591.36876,4.00E+11,0.844128709,82.80487805,5.110441773
Italy,IT,ITA,380,ITA,2000,56942108,32350.90437,1.14E+12,2.537685321,79.77804878,1.741059504
Italy,IT,ITA,380,ITA,2005,57969484,33257.7698,1.86E+12,1.985292985,80.78292683,1.605170416
Italy,IT,ITA,380,ITA,2010,59277417,32058.17399,2.13E+12,1.525516021,82.03658537,1.500494576
Italy,IT,ITA,380,ITA,2015,60730582,30242.38614,1.82E+12,0.0387904,82.54390244,1.208228326
Italy,IT,ITA,380,ITA,2017,60536709,31244.2271,1.97E+12,1.226533166,82.94634146,1.357370559
Italy,IT,ITA,380,ITA,2019,59729081,32114.29986,2.03E+12,0.611246944,83.49756098,1.312761705
Jamaica,JM,JAM,388,JAM,2000,2612205,4920.069867,8655164476,8.171083561,70.944,0.486319761
Jamaica,JM,JAM,388,JAM,2005,2676863,5259.643809,10567652668,15.05286589,71.044,0.527663695
Jamaica,JM,JAM,388,JAM,2010,2733896,5025.493171,12725939353,12.610552,72.622,0.874180243
Jamaica,JM,JAM,388,JAM,2015,2794445,5077.550622,13748936050,3.691542289,72.394,0.872496467
Jamaica,JM,JAM,388,JAM,2017,2808376,5172.9157,14387889610,4.37839865,71.911,0.972264314
Jamaica,JM,JAM,388,JAM,2019,2813773,5307.509981,15389268491,3.905100009,71.767,1.692057943
Japan,JP,JPN,392,JPN,2000,126843000,31430.63113,5.04E+12,-0.676578684,81.07609756,0.931136156
Japan,JP,JPN,392,JPN,2005,127773000,33098.54747,4.94E+12,-0.282946069,81.92512195,0.931581653
Japan,JP,JPN,392,JPN,2010,128070000,32942.20208,5.91E+12,-0.728243208,82.84268293,0.958851133
Japan,JP,JPN,392,JPN,2015,127141000,34960.63938,4.62E+12,0.795279631,83.79390244,0.95925133
Japan,JP,JPN,392,JPN,2017,126972000,35861.97285,5.11E+12,0.484199796,84.0997561,0.913229492
Japan,JP,JPN,392,JPN,2019,126633000,36081.06531,5.32E+12,0.468776159,84.35634146,0.992525305
Jordan,JO,JOR,400,JOR,2000,5056174,3635.292168,8561212976,0.666880926,71.918,6.256556426
Jordan,JO,JOR,400,JOR,2005,5678534,4408.270274,12926093089,3.493685346,72.932,4.79532279
Jordan,JO,JOR,400,JOR,2010,6931258,4865.469769,26919156357,4.845518759,74,5.895420846
Jordan,JO,JOR,400,JOR,2015,9494246,4064.253016,38153863015,-0.87685136,75.011,4.259212039
Jordan,JO,JOR,400,JOR,2017,10215381,3947.971689,41401619020,3.323894476,75.502,4.764903297
Jordan,JO,JOR,400,JOR,2019,10698683,3916.016947,45001471238,0.761514047,76.044,4.642062722
Kazakhstan,KZ,KAZ,398,KAZ,2000,14883626,4446.452533,17152994909,13.18089059,65.45,0.78464508
Kazakhstan,KZ,KAZ,398,KAZ,2005,15147029,7155.343663,51568171734,7.579999291,65.86,1.036321239
Kazakhstan,KZ,KAZ,398,KAZ,2010,16321872,8979.332284,1.29E+11,7.400463567,68.45,1.014415565
Kazakhstan,KZ,KAZ,398,KAZ,2015,17542806,10510.77189,1.73E+11,6.665776115,71.97,
Kazakhstan,KZ,KAZ,398,KAZ,2017,18037776,10758.52088,1.49E+11,7.440004373,72.95,0.831895002
Kazakhstan,KZ,KAZ,398,KAZ,2019,18513673,11402.76011,1.59E+11,5.245476796,73.18,1.020916801
Kenya,KE,KEN,404,KEN,2000,30851606,1187.325242,12575576937,9.980025154,54.411,1.313742032
Kenya,KE,KEN,404,KEN,2005,35843010,1221.858705,18731703508,10.31277836,57.344,1.690587014
Kenya,KE,KEN,404,KEN,2010,41517895,1342.768059,39852460837,3.961388891,60.649,1.555137868
Kenya,KE,KEN,404,KEN,2015,46851488,1496.652856,63195105853,6.582174403,61.892,1.318070261
Kenya,KE,KEN,404,KEN,2017,48948137,1550.202715,80474762332,8.005722791,62.481,1.289110978
Kenya,KE,KEN,404,KEN,2019,50951450,1653.828194,98774891656,5.235859994,62.943,1.16769139
Kiribati,KI,KIR,296,KIR,2000,88826,1477.077622,109311166.5,,64.409,
Kiribati,KI,KIR,296,KIR,2005,98164,1439.407471,159027796.9,,64.967,
Kiribati,KI,KIR,296,KIR,2010,107995,1302.170429,227783892.9,-3.899550407,65.016,
Kiribati,KI,KIR,296,KIR,2015,116707,1459.133021,351401096.8,0.572015744,66.059,
Kiribati,KI,KIR,296,KIR,2017,120362,1404.613346,359252759,0.355520889,66.597,
Kiribati,KI,KIR,296,KIR,2019,124241,1424.797555,372873826.9,-1.813079953,67.15,
"Korea, Democratic People's Republic of",KP,PRK,408,PRK,2000,23367059,,,,60.763,
"Korea, Democratic People's Republic of",KP,PRK,408,PRK,2005,24100982,,,,69.285,
"Korea, Democratic People's Republic of",KP,PRK,408,PRK,2010,24686435,,,,70.419,
"Korea, Democratic People's Republic of",KP,PRK,408,PRK,2015,25258015,,,,72.784,
"Korea, Democratic People's Republic of",KP,PRK,408,PRK,2017,25516321,,,,72.978,
"Korea, Democratic People's Republic of",KP,PRK,408,PRK,2019,25755441,,,,73.198,
South Korea,KR,KOR,410,KOR,2000,47008111,16992.47908,5.72E+11,2.259165801,75.9097561,2.45731752
South Korea,KR,KOR,410,KOR,2005,48184561,21193.35751,9.28E+11,2.753791627,78.16829268,2.467282737
South Korea,KR,KOR,410,KOR,2010,49554112,25451.00416,1.15E+12,2.939286527,80.11707317,2.462719203
South Korea,KR,KOR,410,KOR,2015,51014947,28732.23108,1.47E+12,0.706331772,82.02439024,2.494981214
South Korea,KR,KOR,410,KOR,2017,51361911,30307.39524,1.63E+12,1.944332308,82.62682927,2.421488869
South Korea,KR,KOR,410,KOR,2019,51764822,31640.21463,1.67E+12,0.383000304,83.22682927,2.658495878
Kuwait,KW,KWT,414,KWT,2000,1934901,31657.76325,44411016949,1.812946139,76.722,7.150148657
Kuwait,KW,KWT,414,KWT,2005,2235403,40469.83721,89654794521,4.142975836,76.903,4.343025942
Kuwait,KW,KWT,414,KWT,2010,2943356,32563.55544,1.25E+11,4.496402878,77.982,3.756148142
Kuwait,KW,KWT,414,KWT,2015,3908743,29310.52211,1.27E+11,3.271701661,79.562,5.007568172
Kuwait,KW,KWT,414,KWT,2017,4124904,27240.12475,1.39E+11,2.171832985,79.781,5.607460681
Kuwait,KW,KWT,414,KWT,2019,4441100,25773.4567,1.54E+11,1.091848027,79.685,5.484195624
Kyrgyzstan,KG,KGZ,417,KGZ,2000,4898400,718.3373488,1287688498,18.70073428,68.55853659,1.882678682
Kyrgyzstan,KG,KGZ,417,KGZ,2005,5162600,820.7159801,2372148026,4.338673918,67.95609756,1.614401811
Kyrgyzstan,KG,KGZ,417,KGZ,2010,5447900,966.15073,4489257796,7.967722256,69.3,1.611018527
Kyrgyzstan,KG,KGZ,417,KGZ,2015,5956900,1121.082835,6417478340,6.50331839,70.65121951,1.752024087
Kyrgyzstan,KG,KGZ,417,KGZ,2017,6198200,1177.438736,7331334800,3.175309864,71.2,1.576011089
Kyrgyzstan,KG,KGZ,417,KGZ,2019,6456200,1226.824464,8091718900,1.133622577,71.6,1.55869225
Lao People's Democratic Republic,LA,LAO,418,LAO,2000,5430853,917.2887384,1660408279,25.08464143,58.378,0.791543217
Lao People's Democratic Republic,LA,LAO,418,LAO,2005,5852970,1151.930252,2669821117,7.165417599,60.98,0.392508609
Lao People's Democratic Republic,LA,LAO,418,LAO,2010,6323418,1567.577628,6679604406,5.982545216,63.973,0.204567129
Lao People's Democratic Republic,LA,LAO,418,LAO,2015,6787419,2125.459057,13784825970,1.277354271,66.67,
Lao People's Democratic Republic,LA,LAO,418,LAO,2017,6997917,2358.372664,16170189392,0.825478608,67.434,
Lao People's Democratic Republic,LA,LAO,418,LAO,2019,7212053,2564.019654,17656109554,3.322558813,68.138,
Latvia,LV,LVA,428,LVA,2000,2367550,6725.33754,7949004635,2.654254778,70.31463415,0.881715012
Latvia,LV,LVA,428,LVA,2005,2238799,10526.45225,16827637834,6.748450279,71.35609756,1.610621927
Latvia,LV,LVA,428,LVA,2010,2097555,10962.23153,24196593795,-1.08463595,73.48292683,1.087515236
Latvia,LV,LVA,428,LVA,2015,1977527,13786.4568,27135736219,0.174242244,74.4804878,1.037829348
Latvia,LV,LVA,428,LVA,2017,1942248,14845.33489,30407328862,2.930363124,74.62926829,1.594821503
Latvia,LV,LVA,428,LVA,2019,1913822,16069.84043,33845376232,2.811409201,75.38780488,2.028669033
Lebanon,LB,LBN,422,LBN,2000,4320642,5970.974546,17581364842,,73.931,5.392100304
Lebanon,LB,LBN,422,LBN,2005,4643044,6747.71186,21299316499,,76.273,4.478931727
Lebanon,LB,LBN,422,LBN,2010,4995800,9037.085809,37935417042,3.983479419,78.156,4.126553124
Lebanon,LB,LBN,422,LBN,2015,6398940,7802.751368,49420820075,-3.749145248,79.229,4.486884345
Lebanon,LB,LBN,422,LBN,2017,6109252,8364.696412,52818451126,4.321352183,79.654,4.505139801
Lebanon,LB,LBN,422,LBN,2019,5781907,8066.01527,50556504530,3.005389494,79.236,4.707900587
Lesotho,LS,LSO,426,LSO,2000,1998630,727.2345946,1130529943,6.131975387,48.427,3.284926128
Lesotho,LS,LSO,426,LSO,2005,1977424,843.508131,2183409542,3.437884231,43.233,2.049259616
Lesotho,LS,LSO,426,LSO,2010,2022747,982.2074983,2872100454,3.461525866,45.596,2.848385225
Lesotho,LS,LSO,426,LSO,2015,2118521,1113.871328,2639110143,3.218445137,51.101,1.733428072
Lesotho,LS,LSO,426,LSO,2017,2170617,1090.987157,2620026066,4.447699374,53.064,1.953055612
Lesotho,LS,LSO,426,LSO,2019,2225702,1074.622501,2776399636,5.187083592,54.173,1.622520184
Liberia,LR,LBR,430,LBR,2000,2895224,763.4268725,772600000,,51.356,
Liberia,LR,LBR,430,LBR,2005,3266318,545.3980631,793400200,10.83435885,56.912,0.856442096
Liberia,LR,LBR,430,LBR,2010,4019956,627.8053786,1818599900,7.289927969,59.433,0.816738926
Liberia,LR,LBR,430,LBR,2015,4612329,699.6629469,2947075700,7.748696876,59.148,1.051498096
Liberia,LR,LBR,430,LBR,2017,4796631,678.5791441,3087813500,12.41963239,60.553,0.94000927
Liberia,LR,LBR,430,LBR,2019,4985289,644.1620652,2965834700,,61.104,0.940305254
Libya,LY,LBY,434,LBY,2000,5154790,11170.20972,,-2.9,70.68,3.146863674
Libya,LY,LBY,434,LBY,2005,5837986,12674.00902,47044214308,2.650205761,71.592,1.52811116
Libya,LY,LBY,434,LBY,2010,6491988,12925.66595,76118250710,2.799895001,72.374,
Libya,LY,LBY,434,LBY,2015,6192235,7867.571893,49136547929,,71.698,
Libya,LY,LBY,434,LBY,2017,6378261,9968.987254,67838212082,,72.482,
Libya,LY,LBY,434,LBY,2019,6569088,9278.337943,70040334692,,72.463,
Lithuania,LT,LTU,440,LTU,2000,3499536,6423.420676,11317713423,0.981615479,72.0195122,1.21669999
Lithuania,LT,LTU,440,LTU,2005,3322528,9766.487647,25663070034,2.658484841,71.25365854,1.162211588
Lithuania,LT,LTU,440,LTU,2010,3097282,11106.95021,36887284560,1.319213621,73.26829268,0.878659092
Lithuania,LT,LTU,440,LTU,2015,2904910,14263.96458,39940688842,-0.884097406,74.32195122,1.137748174
Lithuania,LT,LTU,440,LTU,2017,2828403,15661.99625,46031954862,3.722888623,75.4804878,1.712070468
Lithuania,LT,LTU,440,LTU,2019,2794137,17249.71844,52844780802,2.33450938,76.28292683,2.007150696
Luxembourg,LU,LUX,442,LUX,2000,436300,92527.71181,18782499825,3.15076707,77.87317073,0.544118543
Luxembourg,LU,LUX,442,LUX,2005,465158,101222.0457,34309510335,2.487696652,79.43170732,0.589643203
Luxembourg,LU,LUX,442,LUX,2010,506953,106544.0572,38203044612,2.273679116,80.63170732,0.505726378
Luxembourg,LU,LUX,442,LUX,2015,569604,105462.0126,38657980989,0.474743161,82.29268293,0.451585009
Luxembourg,LU,LUX,442,LUX,2017,596336,107142.1276,47031112675,1.730799591,82.09512195,0.524903452
Luxembourg,LU,LUX,442,LUX,2019,620001,106729.0249,47012779829,1.743320757,82.63902439,0.574491747
Madagascar,MG,MDG,450,MDG,2000,16216431,474.1390273,4531580027,11.8596845,57.938,1.217513909
Madagascar,MG,MDG,450,MDG,2005,18792171,459.7749877,5736869847,18.36382465,60.57,1.071941549
Madagascar,MG,MDG,450,MDG,2010,21731053,456.7292122,9803373259,9.247321736,62.873,0.652042489
Madagascar,MG,MDG,450,MDG,2015,24850912,455.6380397,10894778610,7.404191742,64.339,0.604796547
Madagascar,MG,MDG,450,MDG,2017,26169542,467.6550729,12760046042,8.609050754,65.094,0.58002235
Madagascar,MG,MDG,450,MDG,2019,27533134,478.9269667,13612309510,5.610514415,65.882,0.62397202
Malawi,MW,MWI,454,MWI,2000,11229387,292.2302928,1707156806,29.58148846,44.518,0.672638829
Malawi,MW,MWI,454,MWI,2005,12755648,286.1078616,3616059339,15.41034466,52.044,1.045261606
Malawi,MW,MWI,454,MWI,2010,14718422,354.5801568,6852465550,7.411590929,56.381,0.718201024
Malawi,MW,MWI,454,MWI,2015,16938942,376.2462048,6153437697,21.86734755,61.378,0.634771027
Malawi,MW,MWI,454,MWI,2017,17881167,379.8850969,8790346114,11.54339392,62.977,0.764642848
Malawi,MW,MWI,454,MWI,2019,18867337,396.3168378,10841609606,9.370836056,64.119,1.100342086
Malaysia,MY,MYS,458,MYS,2000,22945150,6461.980319,86182105263,1.534740237,72.775,1.634675548
Malaysia,MY,MYS,458,MYS,2005,25923536,7209.604889,1.37E+11,2.975070927,74.096,2.173929041
Malaysia,MY,MYS,458,MYS,2010,28717731,8101.393387,2.47E+11,1.622852356,74.442,1.490210106
Malaysia,MY,MYS,458,MYS,2015,31068833,9699.584021,2.93E+11,2.104389802,75.094,1.503898666
Malaysia,MY,MYS,458,MYS,2017,31975806,10416.02404,3.10E+11,3.871201158,75.476,1.100864726
Malaysia,MY,MYS,458,MYS,2019,32804020,11114.54199,3.56E+11,0.662891866,75.76,0.894955178
Maldives,MV,MDV,462,MDV,2000,282507,6904.66635,594339124.9,-1.174756812,70.876,
Maldives,MV,MDV,462,MDV,2005,307018,6859.244084,1132462438,1.300275009,74.751,
Maldives,MV,MDV,462,MDV,2010,361575,8619.765886,2276923141,6.149885368,77.657,
Maldives,MV,MDV,462,MDV,2015,435582,9434.331078,3776960615,0.953206659,79.695,
Maldives,MV,MDV,462,MDV,2017,472442,9916.471905,4378592214,2.817473382,79.943,
Maldives,MV,MDV,462,MDV,2019,504508,10753.14317,5049574002,0.220029731,80.116,
Mali,ML,MLI,466,MLI,2000,11239101,556.7723922,2931331695,-0.677661659,50.539,1.478649744
Mali,ML,MLI,466,MLI,2005,13180551,666.7944196,6040786478,6.397882939,54.003,1.384312041
Mali,ML,MLI,466,MLI,2010,15529181,708.9304715,10269427724,1.108926907,56.382,1.374566808
Mali,ML,MLI,466,MLI,2015,18112907,723.5042025,12808995389,1.450690576,58.363,2.360162267
Mali,ML,MLI,466,MLI,2017,19311355,756.4280706,14864815499,1.759857429,59.132,3.026635517
Mali,ML,MLI,466,MLI,2019,20567424,779.3266223,16584807517,-1.658266948,59.664,2.713526371
Malta,MT,MLT,470,MLT,2000,390087,17189.56411,3916553008,2.369592875,78.34878049,0.625517349
Malta,MT,MLT,470,MLT,2005,403834,18133.90866,6220547196,3.007966525,79.3,0.821184952
Malta,MT,MLT,470,MLT,2010,414508,20557.76496,8570974413,1.515635136,81.39756098,0.650590926
Malta,MT,MLT,470,MLT,2015,445053,24921.579,10478413403,1.100548264,81.89756098,0.467203717
Malta,MT,MLT,470,MLT,2017,467999,27177.80038,12140946679,1.364354482,82.34634146,0.478711231
Malta,MT,MLT,470,MLT,2019,504062,28375.27093,14566004702,1.642060018,82.85853659,0.510371621
Mauritania,MR,MRT,478,MRT,2000,2695003,1265.159139,1793304274,3.254067458,61.028,2.928005445
Mauritania,MR,MRT,478,MRT,2005,3012360,1384.012888,3000602093,12.12564872,61.656,3.051555776
Mauritania,MR,MRT,478,MRT,2010,3419461,1448.02185,5559975527,6.283540874,63.105,
Mauritania,MR,MRT,478,MRT,2015,3946220,1562.725248,5986763078,3.237703083,64.485,2.103123669
Mauritania,MR,MRT,478,MRT,2017,4160015,1595.231655,6703478659,2.275034573,65.083,2.042273411
Mauritania,MR,MRT,478,MRT,2019,4383849,1670.027125,7969899157,2.300092621,65.687,1.980663209
Mauritius,MU,MUS,480,MUS,2000,1186873,5671.029551,4646665747,4.199288256,71.66341463,0.200718816
Mauritius,MU,MUS,480,MUS,2005,1228254,6472.873887,6480647714,4.93717005,72.43219512,0.167769654
Mauritius,MU,MUS,480,MUS,2010,1250400,8011.455172,10123211757,2.932363014,72.96731707,0.148690555
Mauritius,MU,MUS,480,MUS,2015,1262605,9509.934655,12086790827,1.286549708,74.35317073,0.146135699
Mauritius,MU,MUS,480,MUS,2017,1264613,10249.9164,13860226093,3.666997027,74.51463415,0.171040746
Mauritius,MU,MUS,480,MUS,2019,1265711,10959.33614,14772379382,0.40565519,74.23585366,0.152927907
Mexico,MX,MEX,484,MEX,2000,97873442,8954.804373,6.93E+11,9.491561494,73.569,0.44604782
Mexico,MX,MEX,484,MEX,2005,105442402,8925.236669,8.59E+11,3.988057146,74.376,0.355958931
Mexico,MX,MEX,484,MEX,2010,112532401,9001.686162,1.05E+12,4.156727227,74.19,0.452734493
Mexico,MX,MEX,484,MEX,2015,120149897,9753.380048,1.14E+12,2.72064065,74.682,0.466676122
Mexico,MX,MEX,484,MEX,2017,122839258,9997.686914,1.13E+12,6.04145724,74.138,0.436510296
Mexico,MX,MEX,484,MEX,2019,125085311,10013.70319,1.23E+12,3.635961421,74.202,0.523250157
"Micronesia, Federated States of",FM,FSM,583,FSM,2000,111709,2783.116177,239347500,2.158518106,69.769,
"Micronesia, Federated States of",FM,FSM,583,FSM,2005,110940,2891.873288,258632900,4.257699782,70.884,
"Micronesia, Federated States of",FM,FSM,583,FSM,2010,107588,2950.798726,307507200,3.313709631,71.233,
"Micronesia, Federated States of",FM,FSM,583,FSM,2015,109462,2891.322103,375852000,-0.298115837,71.408,
"Micronesia, Federated States of",FM,FSM,583,FSM,2017,110430,2969.339334,416554700,0.689027979,71.467,
"Micronesia, Federated States of",FM,FSM,583,FSM,2019,111379,2984.930124,458300000,1.539071461,71.077,
"Moldova, Republic of",MD,MDA,498,MDA,2000,2924668,1337.860085,1352310309,31.29930158,66.417,0.387282499
"Moldova, Republic of",MD,MDA,498,MDA,2005,2888985,1906.540687,3392191816,11.95918372,68.169,0.400235112
"Moldova, Republic of",MD,MDA,498,MDA,2010,2862354,2254.252778,7480581297,7.483850864,69.357,0.262879175
"Moldova, Republic of",MD,MDA,498,MDA,2015,2835978,2731.065584,8194665158,9.676240331,69.24,0.297625495
"Moldova, Republic of",MD,MDA,498,MDA,2017,2755189,3072.766422,10220953750,6.570229975,70.516,0.319318626
"Moldova, Republic of",MD,MDA,498,MDA,2019,2664224,3436.449104,12595179795,4.837783514,70.935,0.355073047
Mongolia,MN,MNG,496,MNG,2000,2450979,1557.438414,1131697255,11.59553876,62.882,2.022480608
Mongolia,MN,MNG,496,MNG,2005,2559255,2041.86846,2471681099,12.71656741,64.879,1.017285885
Mongolia,MN,MNG,496,MNG,2010,2702520,2646.561632,6609616684,10.04620659,67.182,0.762997246
Mongolia,MN,MNG,496,MNG,2015,2964749,3919.351148,10652455443,5.735682819,69.498,0.865841302
Mongolia,MN,MNG,496,MNG,2017,3096030,4023.785556,9872124817,4.301431053,70.237,0.765300911
Mongolia,MN,MNG,496,MNG,2019,3232430,4385.111603,12634360578,7.301069536,71.822,0.707609532
Montenegro,ME,MNE,499,MNE,2000,604950,4431.580803,1034066685,,73.8184878,
Montenegro,ME,MNE,499,MNE,2005,614261,5013.173652,2282062057,,73.98292683,2.694363326
Montenegro,ME,MNE,499,MNE,2010,619428,5982.172735,4114214371,0.65494657,75.9902439,1.814347747
Montenegro,ME,MNE,499,MNE,2015,622159,6517.163752,4143524798,1.548691582,76.44878049,1.40371624
Montenegro,ME,MNE,499,MNE,2017,622373,7023.402642,4956379123,2.380235991,76.48536585,1.362776386
Montenegro,ME,MNE,499,MNE,2019,622028,7684.149869,5604333706,0.361563705,76.68292683,1.33441274
Morocco,MA,MAR,504,MAR,2000,28554415,1678.979126,38093597384,1.894634568,66.787,2.685172307
Morocco,MA,MAR,504,MAR,2005,30431902,1996.452271,62069051540,0.98264166,68.704,3.257996782
Morocco,MA,MAR,504,MAR,2010,32464865,2385.512207,91932709214,0.993557401,70.829,3.390796101
Morocco,MA,MAR,504,MAR,2015,34680458,3139.243652,1.09E+11,1.557907113,72.92,3.230153348
Morocco,MA,MAR,504,MAR,2017,35528115,3234.767578,1.17E+11,0.754663249,73.66,3.183041239
Morocco,MA,MAR,504,MAR,2019,36304408,3355.629639,1.27E+11,0.303386037,74.27,3.09993597
Mozambique,MZ,MOZ,508,MOZ,2000,17768505,293.7086684,5463563111,,49.491,1.284457907
Mozambique,MZ,MOZ,508,MOZ,2005,20211114,389.0800185,8182227349,6.427552781,51.561,0.946231881
Mozambique,MZ,MOZ,508,MOZ,2010,23073723,489.40667,10744873393,12.42554217,54.198,0.891902273
Mozambique,MZ,MOZ,508,MOZ,2015,26843246,594.2265335,15650835893,3.550759674,58.151,0.840285274
Mozambique,MZ,MOZ,508,MOZ,2017,28569441,601.3616675,12839427398,15.11320739,59.771,0.987964415
Mozambique,MZ,MOZ,508,MOZ,2019,30285595,600.4039411,15113497025,2.781106312,61.166,1.419986943
Myanmar,MM,MMR,104,MMR,2000,45538332,318.0069254,6743397782,-0.109165515,60.155,2.001199222
Myanmar,MM,MMR,104,MMR,2005,47724471,556.1421301,9205291982,9.368618142,61.599,1.354601165
Myanmar,MM,MMR,104,MMR,2010,49390988,924.6497386,36071831318,7.718381959,63.329,
Myanmar,MM,MMR,104,MMR,2015,51483949,1224.562343,60546861658,9.454171895,65.561,4.301367428
Myanmar,MM,MMR,104,MMR,2017,52288341,1409.033723,59776220014,4.572536553,65.843,3.648932114
Myanmar,MM,MMR,104,MMR,2019,53040212,1577.802711,66388788286,8.825066968,66.61,2.146213189
Nepal,NP,NPL,524,NPL,2000,24559500,546.9314921,5514252208,2.478820207,62.614,0.962150318
Nepal,NP,NPL,524,NPL,2005,26285110,603.7487003,8152824773,6.836332659,65.457,1.929161376
Nepal,NP,NPL,524,NPL,2010,27161567,726.0551022,16124973167,9.326504107,66.814,1.563666433
Nepal,NP,NPL,524,NPL,2015,27610325,882.3074488,24704978151,7.868908956,67.456,1.556630126
Nepal,NP,NPL,524,NPL,2017,28183426,946.0423277,29263410537,3.627096107,68.91,1.708544543
Nepal,NP,NPL,524,NPL,2019,28832496,1061.486019,34539802030,5.568685478,69.558,1.376579301
Netherlands,NL,NLD,528,NLD,2000,15925513,40456.94224,4.15E+11,2.360522338,77.98780488,1.434004341
Netherlands,NL,NLD,528,NLD,2005,16319868,42201.77541,6.74E+11,1.688130179,79.34634146,1.396485279
Netherlands,NL,NLD,528,NLD,2010,16615394,44390.50441,8.40E+11,1.275305696,80.70243902,1.325433715
Netherlands,NL,NLD,528,NLD,2015,16939923,45193.40322,7.58E+11,0.600248147,81.5097561,1.132711505
Netherlands,NL,NLD,528,NLD,2017,17131296,46997.34545,8.24E+11,1.381458714,81.76097561,1.156803668
Netherlands,NL,NLD,528,NLD,2019,17344874,48443.73205,8.92E+11,2.633699102,82.11219512,1.322929921
New Zealand,NZ,NZL,554,NZL,2000,3857700,30863.45712,49633337724,2.615234462,78.63658537,1.668742107
New Zealand,NZ,NZL,554,NZL,2005,4133900,35051.6108,1.07E+11,3.037023326,79.85121951,1.277093389
New Zealand,NZ,NZL,554,NZL,2010,4350700,35393.7555,1.39E+11,2.30202386,80.70243902,1.329636522
New Zealand,NZ,NZL,554,NZL,2015,4609400,38630.72659,1.72E+11,0.292704628,81.45682927,1.111071249
New Zealand,NZ,NZL,554,NZL,2017,4813600,39759.15065,1.99E+11,1.850787675,81.65853659,1.140386668
New Zealand,NZ,NZL,554,NZL,2019,4979200,40599.03155,2.08E+11,1.619631902,81.70731707,1.3910401
Nicaragua,NI,NIC,558,NIC,2000,5123222,1429.726759,4905529007,7.069913523,67.234,0.782751441
Nicaragua,NI,NIC,558,NIC,2005,5454678,1568.420479,6171335218,9.599099861,67.936,0.700404064
Nicaragua,NI,NIC,558,NIC,2010,5855734,1669.944718,8514438524,5.455134259,72.009,0.505472679
Nicaragua,NI,NIC,558,NIC,2015,6298598,2025.324776,12267705835,3.997379967,72.983,0.775537372
Nicaragua,NI,NIC,558,NIC,2017,6480532,2153.612732,13074208919,3.850671663,73.554,0.623899055
Nicaragua,NI,NIC,558,NIC,2019,6663924,1947.407615,12130235456,5.376289908,74.054,0.606875679
Niger,NE,NER,562,NER,2000,11622665,389.0775217,2336466340,2.900149736,49.322,1.164610816
Niger,NE,NER,562,NER,2005,13855221,404.2805675,4657521344,7.797497818,53.59,0.973576679
Niger,NE,NER,562,NER,2010,16647543,438.4638813,8283686240,0.804073081,58.367,1.169691196
Niger,NE,NER,562,NER,2015,20128124,481.1112995,10161941991,-0.57609037,61.083,
Niger,NE,NER,562,NER,2017,21737922,494.6166463,11600277119,2.796373189,62.16,2.486945777
Niger,NE,NER,562,NER,2019,23443393,520.9193984,13479237976,-2.489792651,62.897,2.651043859
Nigeria,NG,NGA,566,NGA,2000,122851984,1462.536292,63300677661,6.933292156,47.193,0.543531645
Nigeria,NG,NGA,566,NGA,2005,140490722,1950.122762,1.62E+11,17.86349337,49.297,0.397422937
Nigeria,NG,NGA,566,NGA,2010,160952853,2397.32403,3.47E+11,13.72020184,50.945,0.539231118
Nigeria,NG,NGA,566,NGA,2015,183995785,2679.554765,4.80E+11,9.009387183,51.841,0.417636537
Nigeria,NG,NGA,566,NGA,2017,193495907,2527.00012,3.64E+11,16.52353998,52.305,0.430671215
Nigeria,NG,NGA,566,NGA,2019,203304492,2505.462745,4.33E+11,11.39679497,52.91,0.459170522
"Macedonia, the former Yugoslav Republic of",MK,MKD,807,MKD,2000,2026350,3283.377863,3702840604,6.60742291,72.94634146,1.85082146
"Macedonia, the former Yugoslav Republic of",MK,MKD,807,MKD,2005,2036855,3600.952284,6149435138,0.525515951,73.69756098,2.029263306
"Macedonia, the former Yugoslav Republic of",MK,MKD,807,MKD,2010,2055004,4339.96438,9276084674,1.50997522,74.99756098,1.382154611
"Macedonia, the former Yugoslav Republic of",MK,MKD,807,MKD,2015,2070226,4861.553971,9747427395,-0.299920476,75.40243902,0.993427692
"Macedonia, the former Yugoslav Republic of",MK,MKD,807,MKD,2017,2074502,5043.692248,10859406004,1.351618897,75.95365854,0.895041407
"Macedonia, the former Yugoslav Republic of",MK,MKD,807,MKD,2019,2076694,5386.200325,12024667115,0.766439573,76.60243902,1.164594116
Norway,NO,NOR,578,NOR,2000,4490967,67437.74336,1.69E+11,3.085506091,78.63414634,1.705831873
Norway,NO,NOR,578,NOR,2005,4623291,73036.74036,3.12E+11,1.532133676,80.04146341,1.581467618
Norway,NO,NOR,578,NOR,2010,4889252,72426.56522,4.33E+11,2.418906395,80.99756098,1.515698179
Norway,NO,NOR,578,NOR,2015,5188607,74355.51586,4.02E+11,2.171136654,82.30487805,1.507279581
Norway,NO,NOR,578,NOR,2017,5276968,75610.64948,4.13E+11,1.875100596,82.6097561,1.719497163
Norway,NO,NOR,578,NOR,2019,5347896,76005.22479,4.17E+11,2.167730033,82.95853659,1.85843416
Oman,OM,OMN,512,OMN,2000,2344253,19953.67518,18670001300,,73.466,8.085267061
Oman,OM,OMN,512,OMN,2005,2515192,19418.01505,30059885046,1.909835535,74.396,8.812141856
Oman,OM,OMN,512,OMN,2010,2881914,21782.79938,61422626788,3.256579591,76.269,6.435575858
Oman,OM,OMN,512,OMN,2015,4191776,18777.43306,76448114434,0.065290133,77.687,10.93096096
Oman,OM,OMN,512,OMN,2017,4541854,18260.00507,77688946684,1.597160603,77.924,9.635787938
Oman,OM,OMN,512,OMN,2019,4602768,18044.27045,82159687906,0.133795057,78.002,8.637691241
Pakistan,PK,PAK,586,PAK,2000,154369924,948.9385555,79997743416,4.366664513,62.102,4.168722714
Pakistan,PK,PAK,586,PAK,2005,174372098,1080.604844,1.18E+11,9.06332737,62.466,3.897019393
Pakistan,PK,PAK,586,PAK,2010,194454498,1143.117978,1.74E+11,12.93887056,64.436,3.423690973
Pakistan,PK,PAK,586,PAK,2015,210969298,1282.443153,2.66E+11,2.529328173,65.697,3.551387243
Pakistan,PK,PAK,586,PAK,2017,216379655,1377.969674,3.34E+11,4.08537368,66.297,3.774448861
Pakistan,PK,PAK,586,PAK,2019,223293280,1452.851573,3.15E+11,10.5783618,66.756,4.108816358
Panama,PA,PAN,591,PAN,2000,3001731,7021.54645,11743915000,1.498961116,74.001,
Panama,PA,PAN,591,PAN,2005,3305868,7872.785493,15207493900,2.855883248,75.829,
Panama,PA,PAN,591,PAN,2010,3623617,10286.20312,27128987600,3.491288726,76.448,
Panama,PA,PAN,591,PAN,2015,3957099,13669.55944,50640813800,0.137492058,77.468,
Panama,PA,PAN,591,PAN,2017,4096063,14634.8425,58389898788,0.875585919,77.795,
Panama,PA,PAN,591,PAN,2019,4232532,15122.51727,62663200000,-0.355083821,77.81,
Papua New Guinea,PG,PNG,598,PNG,2000,5508297,1999.978037,3302783384,15.59589331,61.72,0.639107654
Papua New Guinea,PG,PNG,598,PNG,2005,6498818,1886.535726,4527603063,1.780804399,61.801,0.416637769
Papua New Guinea,PG,PNG,598,PNG,2010,7583269,2154.703794,13182430368,6.013608936,63.039,0.325144509
Papua New Guinea,PG,PNG,598,PNG,2015,8682174,2502.084291,21327883145,5.995957781,64.701,0.483758051
Papua New Guinea,PG,PNG,598,PNG,2017,9114796,2603.026316,22294230776,5.42204568,65.103,0.403221124
Papua New Guinea,PG,PNG,598,PNG,2019,9542486,2590.505153,23707267070,3.928672909,65.474,0.411073404
Paraguay,PY,PRY,600,PRY,2000,5123819,4056.23877,7742095640,8.982159768,69.75,1.244939454
Paraguay,PY,PRY,600,PRY,2005,5476878,4171.24517,9363307348,6.807382031,70.527,0.7214804
Paraguay,PY,PRY,600,PRY,2010,5768613,5163.476069,25856183026,4.651162791,71.887,0.751146438
Paraguay,PY,PRY,600,PRY,2015,6177950,5861.401895,34871677360,3.129002745,73.191,1.068847829
Paraguay,PY,PRY,600,PRY,2017,6355404,6226.68542,37701521294,3.602477413,73.644,0.892663231
Paraguay,PY,PRY,600,PRY,2019,6530026,6229.224895,36804812203,2.757097276,73.621,0.974312938
Peru,PE,PER,604,PER,2000,26654439,3279.395593,50584450185,3.757338333,70.424,1.788966849
Peru,PE,PER,604,PER,2005,28147267,3828.899622,71336034732,1.616301939,72.986,1.604727723
Peru,PE,PER,604,PER,2010,29229572,5142.077342,1.37E+11,1.528320597,73.711,1.463095269
Peru,PE,PER,604,PER,2015,30711863,6180.194957,1.83E+11,3.398091947,75.621,1.730910598
Peru,PE,PER,604,PER,2017,31605486,6400.116615,2.01E+11,2.994900458,75.879,1.246312804
Peru,PE,PER,604,PER,2019,32824861,6550.52824,2.20E+11,2.252121914,76.156,1.192773184
Philippines,PH,PHL,608,PHL,2000,77958223,1831.700818,91557963718,3.977125032,69.413,1.608226621
Philippines,PH,PHL,608,PHL,2005,86261250,2079.333657,1.18E+11,6.516853933,70.24,1.33179525
Philippines,PH,PHL,608,PHL,2010,94636700,2415.785699,2.32E+11,3.789836348,70.754,1.170132201
Philippines,PH,PHL,608,PHL,2015,103031365,2974.299531,3.41E+11,0.674192537,71.268,1.08846304
Philippines,PH,PHL,608,PHL,2017,106738501,3289.47516,3.65E+11,2.853187726,71.516,1.247077075
Philippines,PH,PHL,608,PHL,2019,110380804,3589.616792,4.15E+11,2.392065344,71.865,0.920263122
Poland,PL,POL,616,POL,2000,38258629,7344.120761,1.72E+11,9.900175388,73.74878049,1.830336585
Poland,PL,POL,616,POL,2005,38165445,8554.693897,3.00E+11,2.183798724,74.99512195,1.92612987
Poland,PL,POL,616,POL,2010,38042794,10755.65644,4.60E+11,2.580693703,76.24634146,1.831918299
Poland,PL,POL,616,POL,2015,37986412,12560.05142,4.59E+11,-0.874125874,77.45121951,2.137407113
Poland,PL,POL,616,POL,2017,37974826,13599.81802,5.02E+11,2.075935537,77.75365854,1.894930987
Poland,PL,POL,616,POL,2019,37965475,15053.23237,5.71E+11,2.227478809,77.90487805,1.971041327
Portugal,PT,PRT,620,PRT,2000,10289898,18795.03115,1.17E+11,2.853030393,76.31463415,1.862356047
Portugal,PT,PRT,620,PRT,2005,10503330,19224.03465,1.95E+11,2.277163949,78.07073171,2.047303882
Portugal,PT,PRT,620,PRT,2010,10573100,19670.36107,2.31E+11,1.402572899,79.02682927,1.980216597
Portugal,PT,PRT,620,PRT,2015,10358076,19250.10654,1.94E+11,0.487938624,81.12439024,1.787974411
Portugal,PT,PRT,620,PRT,2017,10300300,20441.4858,2.16E+11,1.368614116,81.42439024,1.67187887
Portugal,PT,PRT,620,PRT,2019,10286263,21617.41162,2.34E+11,0.33817841,81.67560976,1.781460884
Qatar,QA,QAT,634,QAT,2000,645937,52157.76335,16360439560,1.650335224,74.828,
Qatar,QA,QAT,634,QAT,2005,848710,58757.99267,38814835165,8.814395323,76.064,1.993016269
Qatar,QA,QAT,634,QAT,2010,1713504,68253.06589,1.12E+11,-2.425256752,78.425,1.473909083
Qatar,QA,QAT,634,QAT,2015,2414573,66984.9102,1.58E+11,1.814077239,80.064,
Qatar,QA,QAT,634,QAT,2017,2711755,60551.02004,1.61E+11,0.394878914,80.717,
Qatar,QA,QAT,634,QAT,2019,2807235,59672.64155,1.71E+11,-0.666641125,80.99,
Romania,RO,ROU,642,ROU,2000,22442971,4567.202051,37018920724,45.66659404,71.16341463,2.498914184
Romania,RO,ROU,642,ROU,2005,21319685,6325.169179,95560240107,9.014912833,71.91219512,1.981935276
Romania,RO,ROU,642,ROU,2010,20246871,7657.479294,1.68E+11,6.091416686,73.45853659,1.254421591
Romania,RO,ROU,642,ROU,2015,19815616,8976.880535,1.76E+11,-0.594156437,74.91219512,1.451968796
Romania,RO,ROU,642,ROU,2017,19588715,10105.93435,2.07E+11,1.339021211,75.3097561,1.721071687
Romania,RO,ROU,642,ROU,2019,19371648,11252.79291,2.47E+11,3.827854326,75.60731707,1.843956013
Russia,RU,RUS,643,RUS,2000,146596869,5323.662598,2.53E+11,20.79876066,65.48365854,3.307029837
Russia,RU,RUS,643,RUS,2005,143518814,7323.379395,7.45E+11,12.68530395,65.5297561,3.330103192
Russia,RU,RUS,643,RUS,2010,142849468,8755.113281,1.48E+12,6.849392303,68.84121951,3.585085721
Russia,RU,RUS,643,RUS,2015,144096870,9313.013672,1.33E+12,15.53440505,71.18341463,4.871514747
Russia,RU,RUS,643,RUS,2017,144496739,9473.179688,1.53E+12,3.683329444,72.45146341,4.248996052
Russia,RU,RUS,643,RUS,2019,144406261,9958.460938,1.64E+12,4.470366608,73.08390244,3.832115681
Rwanda,RW,RWA,646,RWA,2000,8109989,337.4562918,2052226837,3.899529803,47.129,3.535502959
Rwanda,RW,RWA,646,RWA,2005,9026299,447.1977482,2905158378,9.014089181,57.316,1.743055556
Rwanda,RW,RWA,646,RWA,2010,10309031,583.5573776,6070263126,-0.246128693,62.54,1.290515791
Rwanda,RW,RWA,646,RWA,2015,11642959,733.4411218,8377080753,2.528502842,65.298,1.252583459
Rwanda,RW,RWA,646,RWA,2017,12230339,769.3260348,8961396748,8.279536723,65.941,1.264674914
Rwanda,RW,RWA,646,RWA,2019,12835028,871.2795214,10008305994,3.34787655,66.437,1.239645168
Samoa,WS,WSM,882,WSM,2000,184008,2908.222064,,0.96678235,70.746,
Samoa,WS,WSM,882,WSM,2005,188626,3723.011665,442031361.8,1.856763926,71.754,
Samoa,WS,WSM,882,WSM,2010,194672,4046.632028,660381038.7,0.777007269,72.249,
Samoa,WS,WSM,882,WSM,2015,203571,4048.513876,807839940.6,0.724470135,72.515,
Samoa,WS,WSM,882,WSM,2017,207630,4346.554796,858936346.4,1.749896775,72.59,
Samoa,WS,WSM,882,WSM,2019,211905,4421.345615,877127119.9,0.98232657,72.157,
Sao Tome and Principe,ST,STP,678,STP,2000,143714,,,12.20894563,61.655,
Sao Tome and Principe,ST,STP,678,STP,2005,161680,1194.604474,133522760,17.15220494,63.709,
Sao Tome and Principe,ST,STP,678,STP,2010,182138,1388.705458,197242887.9,13.34005235,65.249,
Sao Tome and Principe,ST,STP,678,STP,2015,201124,1571.49854,315036266.3,5.250170864,67.249,
Sao Tome and Principe,ST,STP,678,STP,2017,208036,1643.472642,374514125.7,5.695088786,68.267,
Sao Tome and Principe,ST,STP,678,STP,2019,214599,1676.396313,425925039.7,,68.523,
Saudi Arabia,SA,SAU,682,SAU,2000,21547390,16965.25633,1.90E+11,-1.124994779,72.467,10.53440331
Saudi Arabia,SA,SAU,682,SAU,2005,24397644,18238.09622,3.31E+11,0.479230398,74.588,7.730599237
Saudi Arabia,SA,SAU,682,SAU,2010,29411929,17311.74371,5.35E+11,5.339416806,75.763,8.565677426
Saudi Arabia,SA,SAU,682,SAU,2015,32749848,19977.79469,6.72E+11,1.206073222,76.918,13.32567233
Saudi Arabia,SA,SAU,682,SAU,2017,34193122,19309.95772,6.99E+11,-0.83819458,77.16,10.22384845
Saudi Arabia,SA,SAU,682,SAU,2019,35827362,18955.54635,8.12E+11,-2.093333333,77.304,8.242799354
Senegal,SN,SEN,686,SEN,2000,9704287,1076.892301,5922366345,0.731981982,56.943,1.048360277
Senegal,SN,SEN,686,SEN,2005,10974057,1145.707632,10919437127,1.711333259,60.915,1.128601513
Senegal,SN,SEN,686,SEN,2010,12530121,1163.227584,15971191680,1.228681197,64.615,1.207104884
Senegal,SN,SEN,686,SEN,2015,14356181,1238.126396,17312461340,0.135211934,66.879,1.209099171
Senegal,SN,SEN,686,SEN,2017,15157793,1339.567997,20409581940,1.318153148,67.75,1.471063
Senegal,SN,SEN,686,SEN,2019,16000781,1409.970816,22788439046,1.758565176,68.526,1.51347929
Serbia,RS,SRB,688,SRB,2000,7516346,3193.259737,6875616225,71.12062879,71.58292683,5.15394319
Serbia,RS,SRB,688,SRB,2005,7440769,4404.960887,27049351109,16.11998065,72.83414634,2.27394358
Serbia,RS,SRB,688,SRB,2010,7291436,5206.087957,40930426135,6.142553602,74.33658537,2.085965342
Serbia,RS,SRB,688,SRB,2015,7095383,5588.980728,37809807612,1.39235822,75.28780488,1.826086336
Serbia,RS,SRB,688,SRB,2017,7020858,5959.522673,41320166594,3.131062486,75.53902439,1.837507527
Serbia,RS,SRB,688,SRB,2019,6945235,6567.909564,48729123911,1.849229845,75.93658537,2.214419083
Seychelles,SC,SYC,690,SYC,2000,81131,11178.14859,583245913.4,6.268768769,72.77804878,1.679332821
Seychelles,SC,SYC,690,SYC,2005,82858,10789.95977,928911545.5,0.907187718,72.13170732,1.602352351
Seychelles,SC,SYC,690,SYC,2010,89770,12336.36644,915756873.7,-2.404638751,73.19756098,0.737915363
Seychelles,SC,SYC,690,SYC,2015,93419,15157.53029,1310494513,4.041944107,74.29512195,1.314079694
Seychelles,SC,SYC,690,SYC,2017,95843,16267.20197,1437007269,2.856795756,74.3,1.484521213
Seychelles,SC,SYC,690,SYC,2019,97625,16992.0324,1576390500,2.074764365,74.04634146,1.335361292
Sierra Leone,SL,SLE,694,SLE,2000,4584067,403.0941001,616098892.2,,45.05,2.512155618
Sierra Leone,SL,SLE,694,SLE,2005,5683334,468.7575079,1612494367,,48.237,1.426813932
Sierra Leone,SL,SLE,694,SLE,2010,6436698,534.067436,2606465307,7.185662757,53.693,0.972150455
Sierra Leone,SL,SLE,694,SLE,2015,7314773,576.7402317,4162054006,6.689435625,57.189,0.923453252
Sierra Leone,SL,SLE,694,SLE,2017,7677565,607.1941877,3629620900,18.2215094,58.652,1.093816897
Sierra Leone,SL,SLE,694,SLE,2019,8046828,630.8960175,4025178583,14.80499909,60.255,0.672477268
Singapore,SG,SGP,702,SGP,2000,4027887,34890.71559,95487180974,1.361623924,77.95121951,4.518886294
Singapore,SG,SGP,702,SGP,2005,4265762,41799.24817,1.21E+11,0.425106277,79.9902439,4.288125843
Singapore,SG,SGP,702,SGP,2010,5076732,48752.93807,2.37E+11,2.823661349,81.54146341,3.38139844
Singapore,SG,SGP,702,SGP,2015,5535002,55646.61875,2.87E+11,-0.522618167,82.74390244,3.046712659
Singapore,SG,SGP,702,SGP,2017,5612253,59484.68546,3.17E+11,0.57626031,83.09512195,2.9841821
Singapore,SG,SGP,702,SGP,2019,5703569,61340.16617,3.29E+11,0.565260569,83.59512195,2.795513781
Slovakia,SK,SVK,703,SVK,2000,5388720,8914.598984,29126157754,12.0357806,73.05121951,1.655312382
Slovakia,SK,SVK,703,SVK,2005,5372807,11425.90015,61209809950,2.709084946,73.90487805,1.681440946
Slovakia,SK,SVK,703,SVK,2010,5391428,14584.26068,89266361509,0.957018133,75.11219512,1.259740404
Slovakia,SK,SVK,703,SVK,2015,5423801,16390.88217,86733263301,-0.325219777,76.56341463,1.114488089
Slovakia,SK,SVK,703,SVK,2017,5439232,17151.65248,93926182365,1.311945882,77.16585366,1.107257552
Slovakia,SK,SVK,703,SVK,2019,5454147,18242.495,1.03E+11,2.664561334,77.66585366,1.711891199
Slovenia,SI,SVN,705,SVN,2000,1988925,16240.65689,20240378820,8.911744187,75.41219512,1.093166275
Slovenia,SI,SVN,705,SVN,2005,2000474,19239.39991,35866160925,2.451501323,77.61219512,1.420197162
Slovenia,SI,SVN,705,SVN,2010,2048583,20612.58953,47569630577,1.801170221,79.42195122,1.603125212
Slovenia,SI,SVN,705,SVN,2015,2063531,20890.16643,41777964523,-0.525552286,80.77560976,0.930119532
Slovenia,SI,SVN,705,SVN,2017,2066388,22563.75894,47713349731,1.429107433,81.02926829,0.981831089
Slovenia,SI,SVN,705,SVN,2019,2088385,24125.39204,53500705545,1.630522608,81.52926829,1.057303395
Solomon Islands,SB,SLB,90,SLB,2000,429978,1790.371261,415640000.8,7.88956187,67.225,
Solomon Islands,SB,SLB,90,SLB,2005,482486,1757.887199,554482835.1,7.330663416,67.936,
Solomon Islands,SB,SLB,90,SLB,2010,540394,2030.657654,854225854.1,1.051481633,68.732,
Solomon Islands,SB,SLB,90,SLB,2015,612660,2134.802451,1283707481,-0.574469286,69.583,
Solomon Islands,SB,SLB,90,SLB,2017,643634,2210.908438,1440168319,0.48868676,69.988,
Solomon Islands,SB,SLB,90,SLB,2019,674993,2203.980332,1602564477,1.63485544,70.382,
Somalia,SO,SOM,706,SOM,2000,8721465,,,,50.66,
Somalia,SO,SOM,706,SOM,2005,10467292,,,,50.661,
Somalia,SO,SOM,706,SOM,2010,12026649,,,,50.563,
Somalia,SO,SOM,706,SOM,2015,13763906,387.6079944,5305760750,,54.857,
Somalia,SO,SOM,706,SOM,2017,14864221,398.69182,5576438927,,55.654,
Somalia,SO,SOM,706,SOM,2019,15981300,428.4831158,6449308553,,57.078,
South Africa,ZA,ZAF,710,ZAF,2000,46813266,4735.665532,1.49E+11,5.338951029,58.47,1.387289131
South Africa,ZA,ZAF,710,ZAF,2005,49017147,5458.230166,2.84E+11,2.062846165,53.98,1.38376969
South Africa,ZA,ZAF,710,ZAF,2010,51784921,6018.230754,4.09E+11,4.089729895,58.899,1.115808251
South Africa,ZA,ZAF,710,ZAF,2015,55876504,6204.929901,3.39E+11,4.540642277,63.95,1.099182075
South Africa,ZA,ZAF,710,ZAF,2017,56641209,6233.187108,3.71E+11,5.184246648,65.402,1.030060552
South Africa,ZA,ZAF,710,ZAF,2019,58087055,6189.289245,3.79E+11,4.12024587,66.175,0.977970216
South Sudan,SS,SSD,728,SSD,2000,6114440,,,,46.028,
South Sudan,SS,SSD,728,SSD,2005,7662654,,,,51.545,
South Sudan,SS,SSD,728,SSD,2010,9714419,2302.520294,,1.169621803,54.812,4.140632543
South Sudan,SS,SSD,728,SSD,2015,11194299,1071.777765,10522802564,52.76633042,55.566,10.56146145
South Sudan,SS,SSD,728,SSD,2017,10658226,,,187.8516303,55.309,2.354537758
South Sudan,SS,SSD,728,SSD,2019,10447666,,,87.24136415,55.912,3.55818489
Spain,ES,ESP,724,ESP,2000,40567864,23937.96855,5.94E+11,3.433515634,78.96585366,1.725517988
Spain,ES,ESP,724,ESP,2005,43653155,26145.80858,1.14E+12,3.368814098,80.17073171,1.387177754
Spain,ES,ESP,724,ESP,2010,46576897,25702.34684,1.40E+12,1.799864577,81.62682927,1.387378124
Spain,ES,ESP,724,ESP,2015,46444832,25754.36103,1.20E+12,-0.50036571,82.83170732,1.270823783
Spain,ES,ESP,724,ESP,2017,46593236,27239.35244,1.31E+12,1.956076334,83.28292683,1.230690776
Spain,ES,ESP,724,ESP,2019,47134837,28087.89792,1.40E+12,0.699518994,83.83170732,1.233832245
Sri Lanka,LK,LKA,144,LKA,2000,18777606,2011.848336,16016130113,6.17627591,70.355,5.033872968
Sri Lanka,LK,LKA,144,LKA,2005,19544988,2348.033855,24106796020,11.6396861,72.118,2.639533395
Sri Lanka,LK,LKA,144,LKA,2010,20261738,3086.044014,58019016242,6.217648893,73.215,2.70074784
Sri Lanka,LK,LKA,144,LKA,2015,20970000,4060.131785,83118685911,3.768367831,74.927,2.553055
Sri Lanka,LK,LKA,144,LKA,2017,21444000,4440.511975,92061622970,7.704137679,75.403,2.119696641
Sri Lanka,LK,LKA,144,LKA,2019,21803000,4458.434854,86545585357,3.528393582,76.008,1.845844764
Saint Lucia,LC,LCA,662,LCA,2000,159500,9192.064419,887992592.6,3.710786087,70.768,
Saint Lucia,LC,LCA,662,LCA,2005,165386,9577.228799,1063045630,3.898273708,72.245,
Saint Lucia,LC,LCA,662,LCA,2010,170935,10368.71332,1447190519,3.250344092,72.72,
Saint Lucia,LC,LCA,662,LCA,2015,175623,10290.37891,1654322030,-0.983600953,73.138,
Saint Lucia,LC,LCA,662,LCA,2017,177163,10942.25058,1878054229,0.104262079,73.127,
Saint Lucia,LC,LCA,662,LCA,2019,178583,11095.35418,1970239318,0.539087559,73.445,
Saint Vincent & the Grenadines,VC,VCT,670,VCT,2000,113813,5056.019835,408771963,0.167679637,71.377,
Saint Vincent & the Grenadines,VC,VCT,670,VCT,2005,112043,6267.025261,550346703.7,3.733429165,73.516,
Saint Vincent & the Grenadines,VC,VCT,670,VCT,2010,109308,6717.79572,708168963,0.747109026,74.718,
Saint Vincent & the Grenadines,VC,VCT,670,VCT,2015,106482,7386.737595,768334963,-1.73361195,74.407,
Saint Vincent & the Grenadines,VC,VCT,670,VCT,2017,105549,7890.823302,844071444.4,2.153336488,74.305,
Saint Vincent & the Grenadines,VC,VCT,670,VCT,2019,104924,8213.164719,902727740.7,0.913069725,72.835,
Sudan,SD,SDN,736,SDN,2000,26298773,1906.391357,11640538309,7.121258972,58.319,4.791420882
Sudan,SD,SDN,736,SDN,2005,29540577,2213.802979,33836325397,8.505850759,57.279,4.39231199
Sudan,SD,SDN,736,SDN,2010,33739933,2238.867188,68910869341,12.97766639,63.016,
Sudan,SD,SDN,736,SDN,2015,38171178,2226.421631,83074332675,16.90957061,64.659,2.655921816
Sudan,SD,SDN,736,SDN,2017,40679828,2176.896484,1.25E+11,32.3516261,65.445,3.507166087
Sudan,SD,SDN,736,SDN,2019,43232093,1950.042236,30717965587,50.9940515,65.876,1.644621089
Suriname,SR,SUR,740,SUR,2000,478998,6098.004275,899657575.8,59.40168655,65.508,
Suriname,SR,SUR,740,SUR,2005,516220,7305.109478,1752988725,9.898004896,67.002,
Suriname,SR,SUR,740,SUR,2010,546080,8664.198962,4264098055,6.941082216,69.894,
Suriname,SR,SUR,740,SUR,2015,575475,8907.751222,5112916762,6.893903592,70.8,
Suriname,SR,SUR,740,SUR,2017,587559,8425.679176,3197633185,21.99694302,72.417,
Suriname,SR,SUR,740,SUR,2019,600301,8756.069729,3604007265,,72.242,
Sweden,SE,SWE,752,SWE,2000,8872109,41117.15243,2.63E+11,0.899143734,79.64390244,1.823067407
Sweden,SE,SWE,752,SWE,2005,9029572,45990.37433,3.98E+11,0.453170853,80.54634146,1.415888369
Sweden,SE,SWE,752,SWE,2010,9378126,48369.91004,5.09E+11,1.157988027,81.45121951,1.187128541
Sweden,SE,SWE,752,SWE,2015,9799186,51545.48361,5.09E+11,-0.046784745,82.20487805,1.066502053
Sweden,SE,SWE,752,SWE,2017,10057698,52576.81028,5.50E+11,1.794499047,82.4097561,1.023179205
Sweden,SE,SWE,752,SWE,2019,10278887,53490.35182,5.50E+11,1.784150974,83.1097561,1.093409226
Switzerland,CH,CHE,756,CHE,2000,7184250,73749.9388,2.98E+11,1.558529197,79.6804878,1.029280853
Switzerland,CH,CHE,756,CHE,2005,7437115,76282.98396,4.54E+11,1.171954203,81.23658537,0.852623305
Switzerland,CH,CHE,756,CHE,2010,7824909,81315.42286,6.36E+11,0.688238707,82.24634146,0.682000296
Switzerland,CH,CHE,756,CHE,2015,8282396,83806.4476,7.11E+11,-1.143908672,82.89756098,0.643890851
Switzerland,CH,CHE,756,CHE,2017,8451840,84967.58855,6.95E+11,0.53378784,83.55121951,0.656917773
Switzerland,CH,CHE,756,CHE,2019,8575280,87123.66044,7.05E+11,0.36288618,83.90487805,0.686429679
Syrian Arab Republic,SY,SYR,760,SYR,2000,16307654,1273.783794,73232516704,-3.846153846,70.764,5.453656421
Syrian Arab Republic,SY,SYR,760,SYR,2005,18583557,1429.276834,1.23E+11,7.240349393,72.769,5.026419904
Syrian Arab Republic,SY,SYR,760,SYR,2010,22337563,1536.410678,2.36E+11,4.397413832,73.881,4.056141736
Syrian Arab Republic,SY,SYR,760,SYR,2015,19205178,857.4978675,15848198142,,65.124,
Syrian Arab Republic,SY,SYR,760,SYR,2017,18983373,806.0747626,15776196502,,68.481,
Syrian Arab Republic,SY,SYR,760,SYR,2019,20098251,781.3912174,21589756789,,71.822,
Tajikistan,TJ,TJK,762,TJK,2000,6272998,430.3421674,824392380.7,,63.26,0.598174533
Tajikistan,TJ,TJK,762,TJK,2005,6929145,617.9405349,2660496406,7.091932441,66.514,
Tajikistan,TJ,TJK,762,TJK,2010,7621779,773.676006,6969697168,6.445314408,67.742,0.952855125
Tajikistan,TJ,TJK,762,TJK,2015,8524063,970.3652238,9798023722,5.714559496,69.306,1.281982414
Tajikistan,TJ,TJK,762,TJK,2017,8925525,1060.991354,8637238734,,69.905,1.093906012
Tajikistan,TJ,TJK,762,TJK,2019,9337003,1172.072287,9631253672,,70.867,1.038329778
"Tanzania, United Republic of",TZ,TZA,834,TZA,2000,34463704,551.6566162,13245876113,5.923961096,52.362,1.487264012
"Tanzania, United Republic of",TZ,TZA,834,TZA,2005,39439505,675.1091309,18043978558,5.034570093,56.299,0.8239413
"Tanzania, United Republic of",TZ,TZA,834,TZA,2010,45110527,794.4538574,31436647589,6.200155956,60.105,0.896024084
"Tanzania, United Republic of",TZ,TZA,834,TZA,2015,52542823,928.8064575,46478408726,5.58816953,64.651,1.091369867
"Tanzania, United Republic of",TZ,TZA,834,TZA,2017,56267032,989.8928223,52106629424,5.318716052,65.999,1.055796282
"Tanzania, United Republic of",TZ,TZA,834,TZA,2019,59872579,1037.940308,61908444374,3.46428058,66.989,1.01776679
Thailand,TH,THA,764,THA,2000,63066603,3511.442104,1.24E+11,1.591969175,72.316,1.48823095
Thailand,TH,THA,764,THA,2005,65821360,4385.282983,1.81E+11,4.540369196,73.82,1.048229469
Thailand,TH,THA,764,THA,2010,68270489,5082.256116,3.27E+11,3.247588424,76.131,1.454807925
Thailand,TH,THA,764,THA,2015,70294397,5708.796925,3.81E+11,-0.900424963,77.717,1.426581859
Thailand,TH,THA,764,THA,2017,70898202,6099.201054,4.36E+11,0.665631893,78.394,1.389954419
Thailand,TH,THA,764,THA,2019,71307763,6456.241992,5.24E+11,0.706728601,78.975,1.352707836
Timor-Leste,TL,TLS,626,TLS,2000,878360,948.0283058,515427400,,58.568,
Timor-Leste,TL,TLS,626,TLS,2005,969313,943.1970921,845008060.3,1.111674004,62.328,0.444864865
Timor-Leste,TL,TLS,626,TLS,2010,1088486,1191.103027,3325058468,6.765976802,65.304,0.65993948
Timor-Leste,TL,TLS,626,TLS,2015,1205813,1322.300913,2792624634,0.646148614,67.137,1.190536013
Timor-Leste,TL,TLS,626,TLS,2017,1243235,1285.344704,2268489892,0.52297668,67.745,0.916943365
Timor-Leste,TL,TLS,626,TLS,2019,1280438,1530.811092,2727266193,0.95881274,68.268,1.23214145
Togo,TG,TGO,768,TGO,2000,5008035,497.0595476,1462834929,1.862605955,54.742,
Togo,TG,TGO,768,TGO,2005,5711597,459.631932,2246240174,6.78292893,55.962,1.457440202
Togo,TG,TGO,768,TGO,2010,6571855,472.1931168,3405968906,1.445945174,57.304,1.658857988
Togo,TG,TGO,768,TGO,2015,7473229,559.4457465,4321508267,2.58390527,59.396,1.674422895
Togo,TG,TGO,768,TGO,2017,7852795,586.4360796,6400471260,-0.980289496,60.154,1.874542288
Togo,TG,TGO,768,TGO,2019,8243094,618.4905027,7242517959,0.685897591,60.901,3.146217077
Tonga,TO,TON,776,TON,2000,102603,3506.291409,207446769.6,6.327635514,68.978,
Tonga,TO,TON,776,TON,2005,105633,3701.826297,261160914.2,8.665692211,69.768,
Tonga,TO,TON,776,TON,2010,107383,3649.661652,378776141.8,3.534912392,70.323,
Tonga,TO,TON,776,TON,2015,106122,4117.960717,441521434.8,-1.05399832,70.607,
Tonga,TO,TON,776,TON,2017,105415,4564.769765,478641664.8,7.517062836,70.713,
Tonga,TO,TON,776,TON,2019,104951,4628.481361,553369426.5,1.179543348,70.871,
Trinidad and Tobago,TT,TTO,780,TTO,2000,1332203,9965.635971,7525838201,3.555413197,69.102,
Trinidad and Tobago,TT,TTO,780,TTO,2005,1369075,14306.03871,15189282462,6.874534596,71.308,0.604538
Trinidad and Tobago,TT,TTO,780,TTO,2010,1410296,16821.48902,21078448388,10.54920032,72.725,0.635217367
Trinidad and Tobago,TT,TTO,780,TTO,2015,1460177,18389.53103,26612327180,4.661215981,74.503,0.83320624
Trinidad and Tobago,TT,TTO,780,TTO,2017,1478607,16134.88935,23846606986,1.880384402,74.23,0.885039523
Trinidad and Tobago,TT,TTO,780,TTO,2019,1519955,15576.4346,23242507415,1.00054293,74.228,0.707947748
Tunisia,TN,TUN,788,TUN,2000,9893316,2827.42061,20530385934,2.962307947,73.69,1.547904033
Tunisia,TN,TUN,788,TUN,2005,10388344,3259.757202,30610220441,2.017786414,74.764,1.451601416
Tunisia,TN,TUN,788,TUN,2010,10895063,3860.679945,44139124354,3.338979636,75.421,1.296650042
Tunisia,TN,TUN,788,TUN,2015,11557779,3960.97533,44599918434,4.437371273,75.692,2.26986516
Tunisia,TN,TUN,788,TUN,2017,11811443,4007.203508,41171488799,5.308848396,75.845,2.144302107
Tunisia,TN,TUN,788,TUN,2019,12049314,4090.433402,40813829062,6.720075329,75.993,2.564559332
Turkey,TR,TUR,792,TUR,2000,64113547,6454.593119,2.70E+11,54.91537058,71.861,3.66109467
Turkey,TR,TUR,792,TUR,2005,68704715,7648.328707,5.01E+11,8.179160368,73.534,2.409370506
Turkey,TR,TUR,792,TUR,2010,73195345,8390.848687,7.70E+11,8.566444206,75.069,2.271714219
Turkey,TR,TUR,792,TUR,2015,79646178,10851.95413,8.55E+11,7.670853648,76.646,1.812848293
Turkey,TR,TUR,792,TUR,2017,82089826,11694.92523,8.48E+11,11.14431108,77.141,2.050065818
Turkey,TR,TUR,792,TUR,2019,83481684,11935.42529,7.47E+11,15.17682157,77.832,2.689873364
Turkmenistan,TM,TKM,795,TKM,2000,4569132,2261.699865,2727382587,,65.026,
Turkmenistan,TM,TKM,795,TKM,2005,4885775,2711.98325,7541355717,,66.068,
Turkmenistan,TM,TKM,795,TKM,2010,5267970,4119.571799,20689157895,,68.293,
Turkmenistan,TM,TKM,795,TKM,2015,5766431,6208.296655,33705628571,,68.782,
Turkmenistan,TM,TKM,795,TKM,2017,5968383,6784.174349,36352285714,,68.916,
Turkmenistan,TM,TKM,795,TKM,2019,6158420,7422.362518,43575785421,,69.002,
Uganda,UG,UGA,800,UGA,2000,24020697,508.7619938,6085591049,3.392021585,48.342,1.764607708
Uganda,UG,UGA,800,UGA,2005,27946588,604.7660101,8967082099,8.448726423,52.976,1.684322688
Uganda,UG,UGA,800,UGA,2010,32341728,769.7903728,26231034731,3.976552885,57.055,2.248163916
Uganda,UG,UGA,800,UGA,2015,37477356,864.1800623,31759208216,5.589686063,61.086,1.041162488
Uganda,UG,UGA,800,UGA,2017,40127085,872.1858796,30021045504,5.209717059,62.115,1.096078932
Uganda,UG,UGA,800,UGA,2019,42949080,922.0231773,31947093834,2.867588034,62.991,1.769798079
Ukraine,UA,UKR,804,UKR,2000,49176500,1420.116577,30319105915,28.20309724,67.67560976,2.151049237
Ukraine,UA,UKR,804,UKR,2005,47105171,2144.247803,85158350733,13.56957649,67.95682927,2.405748995
Ukraine,UA,UKR,804,UKR,2010,45870741,2315.099854,1.36E+11,9.372931051,70.26536585,1.902361022
Ukraine,UA,UKR,804,UKR,2015,45154036,2124.662354,94833346304,48.69986464,71.1895122,3.251180763
Ukraine,UA,UKR,804,UKR,2017,44831135,2246.738525,1.14E+11,14.43832275,71.78097561,2.884401519
Ukraine,UA,UKR,804,UKR,2019,44386203,2425.634521,1.56E+11,7.886717456,71.82731707,3.520152416
United Arab Emirates,AE,ARE,784,ARE,2000,3275333,59067.60347,1.09E+11,,74.38,8.323722245
United Arab Emirates,AE,ARE,784,ARE,2005,4280993,58672.48468,1.84E+11,,76.683,3.656470678
United Arab Emirates,AE,ARE,784,ARE,2010,8481771,33344.12116,2.90E+11,0.877983288,78.334,6.038592208
United Arab Emirates,AE,ARE,784,ARE,2015,8916899,41525.1389,3.72E+11,4.069966084,79.223,
United Arab Emirates,AE,ARE,784,ARE,2017,9068296,43419.56374,3.93E+11,1.966825578,79.504,
United Arab Emirates,AE,ARE,784,ARE,2019,9211657,43785.41727,4.20E+11,-1.931081148,79.726,
United Kingdom,GB,GBR,826,GBR,2000,58892514,39187.58308,1.67E+12,1.182956242,77.74146341,2.372796645
United Kingdom,GB,GBR,826,GBR,2005,60401206,43044.21153,2.57E+12,2.08913649,79.04878049,2.434203228
United Kingdom,GB,GBR,826,GBR,2010,62766365,42385.86022,2.49E+12,2.492654725,80.40243902,2.568295876
United Kingdom,GB,GBR,826,GBR,2015,65116219,45071.07432,2.87E+12,0.368046842,80.95609756,2.029044773
United Kingdom,GB,GBR,826,GBR,2017,66058859,46499.01355,2.65E+12,2.557755776,81.25609756,1.919980402
United Kingdom,GB,GBR,826,GBR,2019,66836327,47491.59456,2.86E+12,1.738104601,81.20487805,1.976479596
United States,US,USA,840,USA,2000,282162411,48746.04096,1.04E+13,3.376857271,76.63658537,3.112242147
United States,US,USA,840,USA,2005,295516599,52789.73142,1.32E+13,3.392746845,77.48780488,4.090034876
United States,US,USA,840,USA,2010,309327143,52963.46417,1.52E+13,1.640043442,78.54146341,4.922641677
United States,US,USA,840,USA,2015,320738994,56762.72945,1.87E+13,0.118627136,78.6902439,3.477845166
United States,US,USA,840,USA,2017,325122128,58207.57831,1.99E+13,2.130110004,78.53902439,3.309387532
United States,US,USA,840,USA,2019,328329953,60698.0113,2.18E+13,1.812210075,78.78780488,3.42619487
Uruguay,UY,URY,858,URY,2000,3292224,10167.72197,22757044473,4.763824727,75.025,2.435977288
Uruguay,UY,URY,858,URY,2005,3317665,10182.26877,16862995829,4.69927739,76.194,2.000385866
Uruguay,UY,URY,858,URY,2010,3352651,13459.59443,38781974491,6.69870887,76.858,1.875807858
Uruguay,UY,URY,858,URY,2015,3402818,15655.937,50826382338,8.666269871,77.483,1.820588136
Uruguay,UY,URY,858,URY,2017,3422200,16088.00203,60677167933,6.218093826,77.625,1.956922916
Uruguay,UY,URY,858,URY,2019,3428409,16192.15921,58272220749,7.881988709,77.508,2.059819
Uzbekistan,UZ,UZB,860,UZB,2000,24650400,1276.760315,13541513969,,65.724,1.151779873
Uzbekistan,UZ,UZB,860,UZB,2005,26167000,1560.292008,14283209839,,67.49,
Uzbekistan,UZ,UZB,860,UZB,2010,28562400,2131.357731,50620430027,,69.235,
Uzbekistan,UZ,UZB,860,UZB,2015,31298900,2753.971072,87622913322,8.751881967,70.475,
Uzbekistan,UZ,UZB,860,UZB,2017,32388600,2943.099222,63294217514,13.87574254,71.01,
Uzbekistan,UZ,UZB,860,UZB,2019,33580350,3161.415381,60644519146,14.52573596,71.344,
Vanuatu,VU,VUT,548,VUT,2000,192074,2731.60585,259048310.4,2.537688442,68.966,
Vanuatu,VU,VUT,548,VUT,2005,217632,2521.35884,368951682.4,1.199200533,69.39,
Vanuatu,VU,VUT,548,VUT,2010,245453,2748.341033,649213208.1,2.762694695,69.617,
Vanuatu,VU,VUT,548,VUT,2015,276438,2643.886085,743900346.1,2.483268757,69.513,
Vanuatu,VU,VUT,548,VUT,2017,290239,2802.778091,882373517,3.084526244,69.71,
Vanuatu,VU,VUT,548,VUT,2019,304404,2838.98741,1015445239,2.762520194,69.877,
Venezuela,VE,VEN,862,VEN,2000,24427729,,1.16E+11,,72.478,1.526570129
Venezuela,VE,VEN,862,VEN,2005,26668785,,1.43E+11,,72.782,1.831713749
Venezuela,VE,VEN,862,VEN,2010,28715022,,3.88E+11,28.18746471,72.89,1.013488628
Venezuela,VE,VEN,862,VEN,2015,30529716,,,121.7380853,73.006,0.941375969
Venezuela,VE,VEN,862,VEN,2017,30563433,,,,71.943,2.233332199
Venezuela,VE,VEN,862,VEN,2019,28971683,,,,72.161,0.179230376
Vietnam,VN,VNM,704,VNM,2000,79001142,1183.854097,30725942358,-1.710337279,72.462,
Vietnam,VN,VNM,704,VNM,2005,83142095,1570.193228,56575238837,8.284572431,73.271,1.780960852
Vietnam,VN,VNM,704,VNM,2010,87411012,2028.605534,1.43E+11,9.207466488,73.513,2.305049337
Vietnam,VN,VNM,704,VNM,2015,92191398,2595.234979,2.27E+11,0.631200905,73.876,2.361155697
Vietnam,VN,VNM,704,VNM,2017,94033048,2903.02829,2.64E+11,3.520256888,73.963,2.267969776
Vietnam,VN,VNM,704,VNM,2019,95776716,3288.353073,3.18E+11,2.795823675,74.093,
Yemen,YE,YEM,887,YEM,2000,18628700,2227.651225,8878775938,4.59,62.588,4.915392365
Yemen,YE,YEM,887,YEM,2005,21320671,2391.832552,15131744947,11.81126394,65.543,4.868317012
Yemen,YE,YEM,887,YEM,2010,24743946,2547.640714,29087765768,11.17483386,67.28,4.685557034
Yemen,YE,YEM,887,YEM,2015,28516545,1488.416482,41099139151,,65.873,
Yemen,YE,YEM,887,YEM,2017,30034389,1215.75277,26801829853,,65.957,
Yemen,YE,YEM,887,YEM,2019,31546691,,,,65.092,
Zambia,ZM,ZMB,894,ZMB,2000,9891136,814.7729655,3444564099,26.03041179,45.231,
Zambia,ZM,ZMB,894,ZMB,2005,11564870,941.4469541,7700141839,18.3244397,50.659,1.674406237
Zambia,ZM,ZMB,894,ZMB,2010,13792086,1198.304817,18902559484,8.501761334,56.799,1.382592547
Zambia,ZM,ZMB,894,ZMB,2015,16248230,1307.909649,20839208733,10.11059289,61.208,1.75323438
Zambia,ZM,ZMB,894,ZMB,2017,17298054,1319.607777,24726787497,6.577311542,62.12,1.309596105
Zambia,ZM,ZMB,894,ZMB,2019,18380477,1310.622224,22904080807,9.150316443,62.793,1.219374502
Zimbabwe,ZW,ZWE,716,ZWE,2000,11834676,1676.515461,4364369600,,44.686,3.053845943
Zimbabwe,ZW,ZWE,716,ZWE,2005,12224753,1105.75512,3986470800,,44.768,1.452640058
Zimbabwe,ZW,ZWE,716,ZWE,2010,12839771,1096.835479,11074562480,3.022670025,50.652,0.816251453
Zimbabwe,ZW,ZWE,716,ZWE,2015,14154937,1410.329174,17604879510,-2.430968424,59.591,1.88687572
Zimbabwe,ZW,ZWE,716,ZWE,2017,14751101,1421.24077,15593754987,0.893962316,60.709,0.387831394
Zimbabwe,ZW,ZWE,716,ZWE,2019,15354608,1342.989587,21487836444,255.3049908,61.292,0.534804135
Namibia,NA,NAM,516,,2000,,,,,51.99,
Namibia,NA,NAM,516,,2005,,,,,51.79,
Namibia,NA,NAM,516,,2010,,,,,56,
Namibia,NA,NAM,516,,2015,,,,,60.7,
Namibia,NA,NAM,516,,2017,,,,,62.29,
Namibia,NA,NAM,516,,2019,,,,,63.08,
